source,table_name,original_table_name,one_off_to_raw,landing_to_raw,raw_to_refined,group_id,one_off_path,one_off_format,landing_path,landing_format,schema_path,source_date_format,execution_type,source_partition_to_col,raw_data_transform,overwrite_mode,non_hudi_mode,csv_separator,csv_multi_line,header,row_tag,partition_key,data_validation,validation_exception,anonymized_fields,raw_path,raw_db,update_supported,update_date_column,update_date_format,refined_data_transform,unique_key,refined_path,refined_db
edw,eventedition,WC_EVENT_EDITION_PS,0,1,0,3,s3://rx-gbs-datalake-landingzone-prod/prxbi_ps/wc_event_edition_ps/,parquet,s3://rx-gbs-datalake-landingzone-prod/prxbi_ps/wc_event_edition_ps/,parquet,,,batch,TRUE,FALSE,TRUE,TRUE,,TRUE,FALSE,,,FALSE,,,s3://rx-gbs-datalake-rawzone-prod/,globaldb_raw_prod,FALSE,,,FALSE,"integrationid,datasourcecode",s3://rx-gbs-datalake-refinedzone-prod/,globaldb_refined_prod
edw,event,WC_EVENT_PS,0,1,0,3,s3://rx-gbs-datalake-landingzone-prod/prxbi_ps/wc_event_ps/,parquet,s3://rx-gbs-datalake-landingzone-prod/prxbi_ps/wc_event_ps/,parquet,,,batch,TRUE,FALSE,TRUE,TRUE,,TRUE,FALSE,,,FALSE,,,s3://rx-gbs-datalake-rawzone-prod/,globaldb_raw_prod,FALSE,,,FALSE,"integrationid,datasourcecode",s3://rx-gbs-datalake-refinedzone-prod/,globaldb_refined_prod
edw,businessunit,WC_OBU_PS,0,1,0,3,s3://rx-gbs-datalake-landingzone-prod/prxbi_ps/wc_obu_ps/,parquet,s3://rx-gbs-datalake-landingzone-prod/prxbi_ps/wc_obu_ps/,parquet,,,batch,TRUE,FALSE,TRUE,TRUE,,TRUE,FALSE,,,FALSE,,,s3://rx-gbs-datalake-rawzone-prod/,globaldb_raw_prod,FALSE,,,FALSE,"integrationid,datasourcecode",s3://rx-gbs-datalake-refinedzone-prod/,globaldb_refined_prod
edw,salesactivity,WC_ACTIVITY_PS,0,1,0,3,s3://rx-gbs-datalake-landingzone-prod/prxbi_ps/wc_activity_ps/,parquet,s3://rx-gbs-datalake-landingzone-prod/prxbi_ps/wc_activity_ps/,parquet,,,batch,TRUE,TRUE,TRUE,TRUE,,TRUE,FALSE,,"obuname,eventalphacode,eventeditioncode",FALSE,,"called_phone_number,connected_user_full_name,url",s3://rx-gbs-datalake-rawzone-prod/,globaldb_raw_prod,TRUE,,,FALSE,"integrationid,datasourcecode",s3://rx-gbs-datalake-refinedzone-prod/,globaldb_refined_prod
edw,assets,WC_ASSET_PS,0,1,0,1,s3://rx-gbs-datalake-landingzone-prod/prxbi_ps/wc_asset_ps/,parquet,s3://rx-gbs-datalake-landingzone-prod/prxbi_ps/wc_asset_ps/,parquet,,,batch,TRUE,FALSE,TRUE,TRUE,,TRUE,FALSE,,,FALSE,,,s3://rx-gbs-datalake-rawzone-prod/,globaldb_raw_prod,FALSE,,,FALSE,"integrationid,datasourcenumid",s3://rx-gbs-datalake-refinedzone-prod/,globaldb_refined_prod
edw,atshowactivity,WC_ATSHOWACTIVITY_PS,0,1,0,3,s3://rx-gbs-datalake-landingzone-prod/prxbi_ps/wc_atshowactivity_ps/,parquet,s3://rx-gbs-datalake-landingzone-prod/prxbi_ps/wc_atshowactivity_ps/,parquet,,,batch,TRUE,TRUE,TRUE,TRUE,,TRUE,FALSE,,"obuname,eventalphacode,eventeditioncode",FALSE,,,s3://rx-gbs-datalake-rawzone-prod/,globaldb_raw_prod,FALSE,,,TRUE,"integrationid,datasourcecode",s3://rx-gbs-datalake-refinedzone-prod/,globaldb_refined_prod
edw,event_businessmodel,WC_BUSINESS_MODEL_PS,0,1,0,1,s3://rx-gbs-datalake-landingzone-prod/prxbi_ps/wc_business_model_ps/,parquet,s3://rx-gbs-datalake-landingzone-prod/prxbi_ps/wc_business_model_ps/,parquet,,,batch,TRUE,FALSE,TRUE,TRUE,,TRUE,FALSE,,,FALSE,,,s3://rx-gbs-datalake-rawzone-prod/,globaldb_raw_prod,FALSE,,,FALSE,"integrationid,datasourcecode",s3://rx-gbs-datalake-refinedzone-prod/,globaldb_refined_prod
edw,campaignmember_contact,WC_CAMPAIGN_MEMBER_CONTACT_PS,0,1,0,3,s3://rx-gbs-datalake-landingzone-prod/prxbi_ps/wc_campaign_member_contact_ps/,parquet,s3://rx-gbs-datalake-landingzone-prod/prxbi_ps/wc_campaign_member_contact_ps/,parquet,,,batch,TRUE,FALSE,TRUE,TRUE,,TRUE,FALSE,,,FALSE,,,s3://rx-gbs-datalake-rawzone-prod/,globaldb_raw_prod,FALSE,,,TRUE,"integrationid,datasourcecode",s3://rx-gbs-datalake-refinedzone-prod/,globaldb_refined_prod
edw,campaignmember_lead,WC_CAMPAIGN_MEMBER_LEAD_PS,0,1,0,3,s3://rx-gbs-datalake-landingzone-prod/prxbi_ps/wc_campaign_member_lead_ps/,parquet,s3://rx-gbs-datalake-landingzone-prod/prxbi_ps/wc_campaign_member_lead_ps/,parquet,,,batch,TRUE,FALSE,TRUE,TRUE,,TRUE,FALSE,,,FALSE,,,s3://rx-gbs-datalake-rawzone-prod/,globaldb_raw_prod,FALSE,,,TRUE,"integrationid,datasourcecode",s3://rx-gbs-datalake-refinedzone-prod/,globaldb_refined_prod
edw,campaign,WC_CAMPAIGN_PS,0,1,0,3,s3://rx-gbs-datalake-landingzone-prod/prxbi_ps/wc_campaign_ps/,parquet,s3://rx-gbs-datalake-landingzone-prod/prxbi_ps/wc_campaign_ps/,parquet,,,batch,TRUE,TRUE,TRUE,TRUE,,TRUE,FALSE,,"obuname,eventalphacode,eventeditioncode",FALSE,,,s3://rx-gbs-datalake-rawzone-prod/,globaldb_raw_prod,FALSE,,,FALSE,"integrationid,datasourcecode",s3://rx-gbs-datalake-refinedzone-prod/,globaldb_refined_prod
edw,communicationchannel,WC_COMMUNICATION_CHANNEL_PS,0,1,0,1,s3://rx-gbs-datalake-landingzone-prod/prxbi_ps/wc_communication_channel_ps/,parquet,s3://rx-gbs-datalake-landingzone-prod/prxbi_ps/wc_communication_channel_ps/,parquet,,,batch,TRUE,FALSE,TRUE,TRUE,,TRUE,FALSE,,,FALSE,,,s3://rx-gbs-datalake-rawzone-prod/,globaldb_raw_prod,FALSE,,,FALSE,"integrationid,datasourcecode",s3://rx-gbs-datalake-refinedzone-prod/,globaldb_refined_prod
edw,country,WC_COUNTRY_PS,0,1,0,1,s3://rx-gbs-datalake-landingzone-prod/prxbi_ps/wc_country_ps/,parquet,s3://rx-gbs-datalake-landingzone-prod/prxbi_ps/wc_country_ps/,parquet,,,batch,TRUE,FALSE,TRUE,TRUE,,TRUE,FALSE,,,FALSE,,,s3://rx-gbs-datalake-rawzone-prod/,globaldb_raw_prod,FALSE,,,FALSE,"integrationid,datasourcecode",s3://rx-gbs-datalake-refinedzone-prod/,globaldb_refined_prod
edw,country_tl,WC_COUNTRY_PS_TL,0,1,0,1,s3://rx-gbs-datalake-landingzone-prod/prxbi_ps/wc_country_ps_tl/,parquet,s3://rx-gbs-datalake-landingzone-prod/prxbi_ps/wc_country_ps_tl/,parquet,,,batch,TRUE,FALSE,TRUE,TRUE,,TRUE,FALSE,,,FALSE,,,s3://rx-gbs-datalake-rawzone-prod/,globaldb_raw_prod,FALSE,,,FALSE,"integrationid,datasourcecode,langcode",s3://rx-gbs-datalake-refinedzone-prod/,globaldb_refined_prod
edw,currency,WC_CURRENCY_PS,0,1,0,1,s3://rx-gbs-datalake-landingzone-prod/prxbi_ps/wc_currency_ps/,parquet,s3://rx-gbs-datalake-landingzone-prod/prxbi_ps/wc_currency_ps/,parquet,,,batch,TRUE,FALSE,TRUE,TRUE,,TRUE,FALSE,,,FALSE,,,s3://rx-gbs-datalake-rawzone-prod/,globaldb_raw_prod,FALSE,,,FALSE,"integrationid,datasourcecode",s3://rx-gbs-datalake-refinedzone-prod/,globaldb_refined_prod
edw,address,WC_CUSTOMER_ADDR_PS,0,1,0,1,s3://rx-gbs-datalake-landingzone-prod/prxbi_ps/wc_customer_addr_ps/,parquet,s3://rx-gbs-datalake-landingzone-prod/prxbi_ps/wc_customer_addr_ps/,parquet,,,batch,TRUE,FALSE,TRUE,TRUE,,TRUE,FALSE,,,FALSE,,"shortdescription,addressline1,addressline2,addressline3,city,stateprovince,postcode,default_lang",s3://rx-gbs-datalake-rawzone-prod/,globaldb_raw_prod,TRUE,,,FALSE,"integrationid,datasourcecode",s3://rx-gbs-datalake-refinedzone-prod/,globaldb_refined_prod
edw,address_tl,WC_CUSTOMER_ADDR_PS_TL,0,1,0,1,s3://rx-gbs-datalake-landingzone-prod/prxbi_ps/wc_customer_addr_ps_tl/,parquet,s3://rx-gbs-datalake-landingzone-prod/prxbi_ps/wc_customer_addr_ps_tl/,parquet,,,batch,TRUE,FALSE,TRUE,TRUE,,TRUE,FALSE,,,FALSE,,"shortdescription,addressline1,addressline2,addressline3,city,stateprovince,postcode,default_lang",s3://rx-gbs-datalake-rawzone-prod/,globaldb_raw_prod,TRUE,,,FALSE,"integrationid,datasourcecode,langcode",s3://rx-gbs-datalake-refinedzone-prod/,globaldb_refined_prod
edw,contact,WC_CUSTOMER_CONTACT_PS,0,1,0,1,s3://rx-gbs-datalake-landingzone-prod/prxbi_ps/wc_customer_contact_ps/,parquet,s3://rx-gbs-datalake-landingzone-prod/prxbi_ps/wc_customer_contact_ps/,parquet,,,batch,TRUE,FALSE,TRUE,TRUE,,TRUE,FALSE,,,FALSE,,"shortdescription,addressline1,addressline2,addressline3,city,stateprovince,postcode,default_lang",s3://rx-gbs-datalake-rawzone-prod/,globaldb_raw_prod,TRUE,,,FALSE,"integrationid,datasourcecode",s3://rx-gbs-datalake-refinedzone-prod/,globaldb_refined_prod
edw,organisationclassification,WC_CUSTOMER_ORG_CLASSIF_PS,0,1,0,1,s3://rx-gbs-datalake-landingzone-prod/prxbi_ps/wc_customer_org_classif_ps/,parquet,s3://rx-gbs-datalake-landingzone-prod/prxbi_ps/wc_customer_org_classif_ps/,parquet,,,batch,TRUE,FALSE,TRUE,TRUE,,TRUE,FALSE,,,FALSE,,"shortdescription,addressline1,addressline2,addressline3,city,stateprovince,postcode,default_lang",s3://rx-gbs-datalake-rawzone-prod/,globaldb_raw_prod,TRUE,,,FALSE,"integrationid,datasourcecode",s3://rx-gbs-datalake-refinedzone-prod/,globaldb_refined_prod
edw,organisation,WC_CUSTOMER_ORG_PS,0,1,0,1,s3://rx-gbs-datalake-landingzone-prod/prxbi_ps/wc_customer_org_ps/,parquet,s3://rx-gbs-datalake-landingzone-prod/prxbi_ps/wc_customer_org_ps/,parquet,,,batch,TRUE,FALSE,TRUE,TRUE,,TRUE,FALSE,,,FALSE,,"shortdescription,addressline1,addressline2,addressline3,city,stateprovince,postcode,default_lang",s3://rx-gbs-datalake-rawzone-prod/,globaldb_raw_prod,TRUE,,,FALSE,"integrationid,datasourcecode",s3://rx-gbs-datalake-refinedzone-prod/,globaldb_refined_prod
edw,organisation_tl,WC_CUSTOMER_ORG_PS_TL,0,1,0,1,s3://rx-gbs-datalake-landingzone-prod/prxbi_ps/wc_customer_org_ps_tl/,parquet,s3://rx-gbs-datalake-landingzone-prod/prxbi_ps/wc_customer_org_ps_tl/,parquet,,,batch,TRUE,FALSE,TRUE,TRUE,,TRUE,FALSE,,,FALSE,,"shortdescription,addressline1,addressline2,addressline3,city,stateprovince,postcode,default_lang",s3://rx-gbs-datalake-rawzone-prod/,globaldb_raw_prod,TRUE,,,FALSE,"integrationid,datasourcecode,langcode",s3://rx-gbs-datalake-refinedzone-prod/,globaldb_refined_prod
edw,person,WC_CUSTOMER_PERSON_PS,0,1,0,1,s3://rx-gbs-datalake-landingzone-prod/prxbi_ps/wc_customer_person_ps/,parquet,s3://rx-gbs-datalake-landingzone-prod/prxbi_ps/wc_customer_person_ps/,parquet,,,batch,TRUE,FALSE,TRUE,TRUE,,TRUE,FALSE,,,FALSE,,"shortdescription,addressline1,addressline2,addressline3,city,stateprovince,postcode,default_lang",s3://rx-gbs-datalake-rawzone-prod/,globaldb_raw_prod,TRUE,,,FALSE,"integrationid,datasourcecode",s3://rx-gbs-datalake-refinedzone-prod/,globaldb_refined_prod
edw,person_tl,WC_CUSTOMER_PERSON_PS_TL,0,1,0,1,s3://rx-gbs-datalake-landingzone-prod/prxbi_ps/wc_customer_person_ps_tl/,parquet,s3://rx-gbs-datalake-landingzone-prod/prxbi_ps/wc_customer_person_ps_tl/,parquet,,,batch,TRUE,FALSE,TRUE,TRUE,,TRUE,FALSE,,,FALSE,,"shortdescription,addressline1,addressline2,addressline3,city,stateprovince,postcode,default_lang",s3://rx-gbs-datalake-rawzone-prod/,globaldb_raw_prod,TRUE,,,FALSE,"integrationid,datasourcecode,langcode",s3://rx-gbs-datalake-refinedzone-prod/,globaldb_refined_prod
edw,documentsign,WC_DOCUSIGN_PS,0,1,0,1,s3://rx-gbs-datalake-landingzone-prod/prxbi_ps/wc_docusign_ps/,parquet,s3://rx-gbs-datalake-landingzone-prod/prxbi_ps/wc_docusign_ps/,parquet,,,batch,TRUE,FALSE,TRUE,TRUE,,TRUE,FALSE,,,FALSE,,"shortdescription,addressline1,addressline2,addressline3,city,stateprovince,postcode,default_lang",s3://rx-gbs-datalake-rawzone-prod/,globaldb_raw_prod,TRUE,,,FALSE,"integrationid,datasourcenumid",s3://rx-gbs-datalake-refinedzone-prod/,globaldb_refined_prod
edw,uniqueemails,WC_EMAIL_PS,0,1,0,1,s3://rx-gbs-datalake-landingzone-prod/prxbi_ps/wc_email_ps/,parquet,s3://rx-gbs-datalake-landingzone-prod/prxbi_ps/wc_email_ps/,parquet,,,batch,TRUE,FALSE,TRUE,TRUE,,TRUE,FALSE,,,FALSE,,"shortdescription,addressline1,addressline2,addressline3,city,stateprovince,postcode,default_lang",s3://rx-gbs-datalake-rawzone-prod/,globaldb_raw_prod,TRUE,,,FALSE,rowwid,s3://rx-gbs-datalake-refinedzone-prod/,globaldb_refined_prod
edw,eventeditionnature,WC_EVENT_EDITION_NATURE_PS,0,1,0,1,s3://rx-gbs-datalake-landingzone-prod/prxbi_ps/wc_event_edition_nature_ps/,parquet,s3://rx-gbs-datalake-landingzone-prod/prxbi_ps/wc_event_edition_nature_ps/,parquet,,,batch,TRUE,FALSE,TRUE,TRUE,,TRUE,FALSE,,,FALSE,,,s3://rx-gbs-datalake-rawzone-prod/,globaldb_raw_prod,FALSE,,,FALSE,"integrationid,datasourcecode",s3://rx-gbs-datalake-refinedzone-prod/,globaldb_refined_prod
edw,event_membership,WC_EVENT_MEMBERSHIP_PS,0,1,0,1,s3://rx-gbs-datalake-landingzone-prod/prxbi_ps/wc_event_membership_ps/,parquet,s3://rx-gbs-datalake-landingzone-prod/prxbi_ps/wc_event_membership_ps/,parquet,,,batch,TRUE,FALSE,TRUE,TRUE,,TRUE,FALSE,,,FALSE,,"shortdescription,addressline1,addressline2,addressline3,city,stateprovince,postcode,default_lang",s3://rx-gbs-datalake-rawzone-prod/,globaldb_raw_prod,TRUE,,,TRUE,"integrationid,datasourcecode",s3://rx-gbs-datalake-refinedzone-prod/,globaldb_refined_prod
edw,event_tl,WC_EVENT_PS_TL,0,1,0,1,s3://rx-gbs-datalake-landingzone-prod/prxbi_ps/wc_event_ps_tl/,parquet,s3://rx-gbs-datalake-landingzone-prod/prxbi_ps/wc_event_ps_tl/,parquet,,,batch,TRUE,FALSE,TRUE,TRUE,,TRUE,FALSE,,,FALSE,,,s3://rx-gbs-datalake-rawzone-prod/,globaldb_raw_prod,FALSE,,,FALSE,"integrationid,datasourcecode,langcode",s3://rx-gbs-datalake-refinedzone-prod/,globaldb_refined_prod
edw,exhibitor_admin,WC_EXHIBITOR_ADMIN_PS,0,1,0,3,s3://rx-gbs-datalake-landingzone-prod/prxbi_ps/wc_exhibitor_admin_ps/,parquet,s3://rx-gbs-datalake-landingzone-prod/prxbi_ps/wc_exhibitor_admin_ps/,parquet,,,batch,TRUE,TRUE,TRUE,TRUE,,TRUE,FALSE,,"obuname,eventalphacode,eventeditioncode",FALSE,,,s3://rx-gbs-datalake-rawzone-prod/,globaldb_raw_prod,FALSE,,,FALSE,"integrationid,datasourcecode",s3://rx-gbs-datalake-refinedzone-prod/,globaldb_refined_prod
edw,standvisits,WC_EXHIBITOR_VISITOR_PS,0,1,0,3,s3://rx-gbs-datalake-landingzone-prod/prxbi_ps/wc_exhibitor_visitor_ps/,parquet,s3://rx-gbs-datalake-landingzone-prod/prxbi_ps/wc_exhibitor_visitor_ps/,parquet,,,batch,TRUE,TRUE,TRUE,TRUE,,TRUE,FALSE,,"obuname,eventalphacode,eventeditioncode",FALSE,,,s3://rx-gbs-datalake-rawzone-prod/,globaldb_raw_prod,FALSE,,,FALSE,"integrationid,datasourcenumid",s3://rx-gbs-datalake-refinedzone-prod/,globaldb_refined_prod
edw,stand,WC_FLOORPLAN_STAND_PS,0,1,0,1,s3://rx-gbs-datalake-landingzone-prod/prxbi_ps/wc_floorplan_stand_ps/,parquet,s3://rx-gbs-datalake-landingzone-prod/prxbi_ps/wc_floorplan_stand_ps/,parquet,,,batch,TRUE,FALSE,TRUE,TRUE,,TRUE,FALSE,,,FALSE,,"shortdescription,addressline1,addressline2,addressline3,city,stateprovince,postcode,default_lang",s3://rx-gbs-datalake-rawzone-prod/,globaldb_raw_prod,TRUE,,,FALSE,"integrationid,datasourcecode",s3://rx-gbs-datalake-refinedzone-prod/,globaldb_refined_prod
edw,region,WC_GEOGRAPHIC_REGION_PS,0,1,0,1,s3://rx-gbs-datalake-landingzone-prod/prxbi_ps/wc_geographic_region_ps/,parquet,s3://rx-gbs-datalake-landingzone-prod/prxbi_ps/wc_geographic_region_ps/,parquet,,,batch,TRUE,FALSE,TRUE,TRUE,,TRUE,FALSE,,,FALSE,,,s3://rx-gbs-datalake-rawzone-prod/,globaldb_raw_prod,FALSE,,,FALSE,"integrationid,datasourcecode",s3://rx-gbs-datalake-refinedzone-prod/,globaldb_refined_prod
edw,region_tl,WC_GEOGRAPHIC_REGION_PS_TL,0,1,0,1,s3://rx-gbs-datalake-landingzone-prod/prxbi_ps/wc_geographic_region_ps_tl/,parquet,s3://rx-gbs-datalake-landingzone-prod/prxbi_ps/wc_geographic_region_ps_tl/,parquet,,,batch,TRUE,FALSE,TRUE,TRUE,,TRUE,FALSE,,,FALSE,,,s3://rx-gbs-datalake-rawzone-prod/,globaldb_raw_prod,FALSE,,,FALSE,"integrationid,datasourcecode,langcode",s3://rx-gbs-datalake-refinedzone-prod/,globaldb_refined_prod
edw,event_globalgroup,WC_GLOBAL_GROUP_PS,0,1,0,1,s3://rx-gbs-datalake-landingzone-prod/prxbi_ps/wc_global_group_ps/,parquet,s3://rx-gbs-datalake-landingzone-prod/prxbi_ps/wc_global_group_ps/,parquet,,,batch,TRUE,FALSE,TRUE,TRUE,,TRUE,FALSE,,,FALSE,,,s3://rx-gbs-datalake-rawzone-prod/,globaldb_raw_prod,FALSE,,,FALSE,"integrationid,datasourcecode",s3://rx-gbs-datalake-refinedzone-prod/,globaldb_refined_prod
edw,industry,WC_INDUSTRY_PS,0,1,0,1,s3://rx-gbs-datalake-landingzone-prod/prxbi_ps/wc_industry_ps/,parquet,s3://rx-gbs-datalake-landingzone-prod/prxbi_ps/wc_industry_ps/,parquet,,,batch,TRUE,FALSE,TRUE,TRUE,,TRUE,FALSE,,,FALSE,,,s3://rx-gbs-datalake-rawzone-prod/,globaldb_raw_prod,FALSE,,,FALSE,"integrationid,datasourcecode",s3://rx-gbs-datalake-refinedzone-prod/,globaldb_refined_prod
edw,industry_tl,WC_INDUSTRY_PS_TL,0,1,0,1,s3://rx-gbs-datalake-landingzone-prod/prxbi_ps/wc_industry_ps_tl/,parquet,s3://rx-gbs-datalake-landingzone-prod/prxbi_ps/wc_industry_ps_tl/,parquet,,,batch,TRUE,FALSE,TRUE,TRUE,,TRUE,FALSE,,,FALSE,,,s3://rx-gbs-datalake-rawzone-prod/,globaldb_raw_prod,FALSE,,,FALSE,"integrationid,datasourcecode,langcode",s3://rx-gbs-datalake-refinedzone-prod/,globaldb_refined_prod
edw,isg_officehierarchy,WC_ISG_OFFICE_HIERARCHY_PS,0,1,0,1,s3://rx-gbs-datalake-landingzone-prod/prxbi_ps/wc_isg_office_hierarchy_ps/,parquet,s3://rx-gbs-datalake-landingzone-prod/prxbi_ps/wc_isg_office_hierarchy_ps/,parquet,,,batch,TRUE,FALSE,TRUE,TRUE,,TRUE,FALSE,,,FALSE,,"shortdescription,addressline1,addressline2,addressline3,city,stateprovince,postcode,default_lang",s3://rx-gbs-datalake-rawzone-prod/,globaldb_raw_prod,TRUE,,,FALSE,"integrationid,datasourcecode",s3://rx-gbs-datalake-refinedzone-prod/,globaldb_refined_prod
edw,isg_salestarget_attribute,WC_ISG_SALES_TARGET_ATTR_PS,0,1,0,1,s3://rx-gbs-datalake-landingzone-prod/prxbi_ps/wc_isg_sales_target_attr_ps/,parquet,s3://rx-gbs-datalake-landingzone-prod/prxbi_ps/wc_isg_sales_target_attr_ps/,parquet,,,batch,TRUE,FALSE,TRUE,TRUE,,TRUE,FALSE,,,FALSE,,"shortdescription,addressline1,addressline2,addressline3,city,stateprovince,postcode,default_lang",s3://rx-gbs-datalake-rawzone-prod/,globaldb_raw_prod,TRUE,,,FALSE,"integrationid,datasourcecode",s3://rx-gbs-datalake-refinedzone-prod/,globaldb_refined_prod
edw,isg_salestarget,WC_ISG_SALES_TARGET_PS,0,1,0,1,s3://rx-gbs-datalake-landingzone-prod/prxbi_ps/wc_isg_sales_target_ps/,parquet,s3://rx-gbs-datalake-landingzone-prod/prxbi_ps/wc_isg_sales_target_ps/,parquet,,,batch,TRUE,FALSE,TRUE,TRUE,,TRUE,FALSE,,,FALSE,,"shortdescription,addressline1,addressline2,addressline3,city,stateprovince,postcode,default_lang",s3://rx-gbs-datalake-rawzone-prod/,globaldb_raw_prod,TRUE,,,TRUE,"integrationid,datasourcecode",s3://rx-gbs-datalake-refinedzone-prod/,globaldb_refined_prod
edw,language,WC_LANGUAGE_PS,0,1,0,1,s3://rx-gbs-datalake-landingzone-prod/prxbi_ps/wc_language_ps/,parquet,s3://rx-gbs-datalake-landingzone-prod/prxbi_ps/wc_language_ps/,parquet,,,batch,TRUE,FALSE,TRUE,TRUE,,TRUE,FALSE,,,FALSE,,,s3://rx-gbs-datalake-rawzone-prod/,globaldb_raw_prod,FALSE,,,FALSE,"integrationid,datasourcecode",s3://rx-gbs-datalake-refinedzone-prod/,globaldb_refined_prod
edw,lead,WC_LEAD_PS,0,1,0,1,s3://rx-gbs-datalake-landingzone-prod/prxbi_ps/wc_lead_ps/,parquet,s3://rx-gbs-datalake-landingzone-prod/prxbi_ps/wc_lead_ps/,parquet,,,batch,TRUE,FALSE,TRUE,TRUE,,TRUE,FALSE,,,FALSE,,"shortdescription,addressline1,addressline2,addressline3,city,stateprovince,postcode,default_lang",s3://rx-gbs-datalake-rawzone-prod/,globaldb_raw_prod,TRUE,,,FALSE,"integrationid,datasourcecode",s3://rx-gbs-datalake-refinedzone-prod/,globaldb_refined_prod
edw,event_mgmtcentre,WC_MANAGEMENT_CENTRE_PS,0,1,0,1,s3://rx-gbs-datalake-landingzone-prod/prxbi_ps/wc_management_centre_ps/,parquet,s3://rx-gbs-datalake-landingzone-prod/prxbi_ps/wc_management_centre_ps/,parquet,,,batch,TRUE,FALSE,TRUE,TRUE,,TRUE,FALSE,,,FALSE,,,s3://rx-gbs-datalake-rawzone-prod/,globaldb_raw_prod,FALSE,,,FALSE,"integrationid,datasourcecode",s3://rx-gbs-datalake-refinedzone-prod/,globaldb_refined_prod
edw,event_mgmtregion,WC_MANAGEMENT_REGION_PS,0,1,0,1,s3://rx-gbs-datalake-landingzone-prod/prxbi_ps/wc_management_region_ps/,parquet,s3://rx-gbs-datalake-landingzone-prod/prxbi_ps/wc_management_region_ps/,parquet,,,batch,TRUE,FALSE,TRUE,TRUE,,TRUE,FALSE,,,FALSE,,,s3://rx-gbs-datalake-rawzone-prod/,globaldb_raw_prod,FALSE,,,FALSE,"integrationid,datasourcecode",s3://rx-gbs-datalake-refinedzone-prod/,globaldb_refined_prod
edw,bounceback,WC_MKTG_ACT_BOUNCEBACK_PS,0,1,0,1,s3://rx-gbs-datalake-landingzone-prod/prxbi_ps/wc_mktg_act_bounceback_ps/,parquet,s3://rx-gbs-datalake-landingzone-prod/prxbi_ps/wc_mktg_act_bounceback_ps/,parquet,,,batch,TRUE,FALSE,TRUE,TRUE,,TRUE,FALSE,,,FALSE,,email_address,s3://rx-gbs-datalake-rawzone-prod/,globaldb_raw_prod,FALSE,,,FALSE,"integrationid,datasourcenumid",s3://rx-gbs-datalake-refinedzone-prod/,globaldb_refined_prod
edw,emailclickthrough,WC_MKTG_ACT_EMAILCLICKTHRU_PS,0,1,0,1,s3://rx-gbs-datalake-landingzone-prod/prxbi_ps/wc_mktg_act_emailclickthru_ps/,parquet,s3://rx-gbs-datalake-landingzone-prod/prxbi_ps/wc_mktg_act_emailclickthru_ps/,parquet,,,batch,TRUE,FALSE,TRUE,TRUE,,TRUE,FALSE,,,FALSE,,"email_address,ip_address",s3://rx-gbs-datalake-rawzone-prod/,globaldb_raw_prod,FALSE,,,FALSE,"integrationid,datasourcenumid",s3://rx-gbs-datalake-refinedzone-prod/,globaldb_refined_prod
edw,emailopen,WC_MKTG_ACT_EMAILOPEN_PS,0,1,0,1,s3://rx-gbs-datalake-landingzone-prod/prxbi_ps/wc_mktg_act_emailopen_ps/,parquet,s3://rx-gbs-datalake-landingzone-prod/prxbi_ps/wc_mktg_act_emailopen_ps/,parquet,,,batch,TRUE,FALSE,TRUE,TRUE,,TRUE,FALSE,,,FALSE,,"email_address,ip_address",s3://rx-gbs-datalake-rawzone-prod/,globaldb_raw_prod,FALSE,,,FALSE,"integrationid,datasourcenumid",s3://rx-gbs-datalake-refinedzone-prod/,globaldb_refined_prod
edw,emailsend,WC_MKTG_ACT_EMAILSEND_PS,0,0,0,1,s3://rx-gbs-datalake-landingzone-prod/prxbi_ps/wc_mktg_act_emailsend_ps/,parquet,s3://rx-gbs-datalake-landingzone-prod/prxbi_ps/wc_mktg_act_emailsend_ps/,parquet,,,batch,TRUE,FALSE,TRUE,TRUE,,TRUE,FALSE,,,FALSE,,,s3://rx-gbs-datalake-rawzone-prod/,globaldb_raw_prod,FALSE,,,FALSE,"integrationid,datasourcenumid",s3://rx-gbs-datalake-refinedzone-prod/,globaldb_refined_prod
edw,formsubmit,WC_MKTG_ACT_FORMSUBMIT_PS,0,1,0,1,s3://rx-gbs-datalake-landingzone-prod/prxbi_ps/wc_mktg_act_formsubmit_ps/,parquet,s3://rx-gbs-datalake-landingzone-prod/prxbi_ps/wc_mktg_act_formsubmit_ps/,parquet,,,batch,TRUE,FALSE,TRUE,TRUE,,TRUE,FALSE,,,FALSE,,,s3://rx-gbs-datalake-rawzone-prod/,globaldb_raw_prod,FALSE,,,FALSE,"integrationid,datasourcenumid",s3://rx-gbs-datalake-refinedzone-prod/,globaldb_refined_prod
edw,pageview,WC_MKTG_ACT_PAGEVIEW_PS,0,1,0,1,s3://rx-gbs-datalake-landingzone-prod/prxbi_ps/wc_mktg_act_pageview_ps/,parquet,s3://rx-gbs-datalake-landingzone-prod/prxbi_ps/wc_mktg_act_pageview_ps/,parquet,,,batch,TRUE,FALSE,TRUE,TRUE,,TRUE,FALSE,,,FALSE,,,s3://rx-gbs-datalake-rawzone-prod/,globaldb_raw_prod,FALSE,,,FALSE,"integrationid,datasourcenumid",s3://rx-gbs-datalake-refinedzone-prod/,globaldb_refined_prod
edw,webvisit,WC_MKTG_ACT_WEBVISIT_PS,0,1,0,1,s3://rx-gbs-datalake-landingzone-prod/prxbi_ps/wc_mktg_act_webvisit_ps/,parquet,s3://rx-gbs-datalake-landingzone-prod/prxbi_ps/wc_mktg_act_webvisit_ps/,parquet,,,batch,TRUE,FALSE,TRUE,TRUE,,TRUE,FALSE,,,FALSE,,,s3://rx-gbs-datalake-rawzone-prod/,globaldb_raw_prod,FALSE,,,FALSE,"integrationid,datasourcenumid",s3://rx-gbs-datalake-refinedzone-prod/,globaldb_refined_prod
edw,novapermissions,WC_NOVA_PERMISSIONS_PS,0,1,0,3,s3://rx-gbs-datalake-landingzone-prod/prxbi_ps/wc_nova_permissions_ps/,parquet,s3://rx-gbs-datalake-landingzone-prod/prxbi_ps/wc_nova_permissions_ps/,parquet,,,batch,TRUE,TRUE,TRUE,TRUE,,TRUE,FALSE,,"obuname,eventalphacode,eventeditioncode",FALSE,,,s3://rx-gbs-datalake-rawzone-prod/,globaldb_raw_prod,FALSE,,,FALSE,"integrationid,datasourcenumid",s3://rx-gbs-datalake-refinedzone-prod/,globaldb_refined_prod
edw,rxoffice,WC_OFFICE_PS,0,1,0,1,s3://rx-gbs-datalake-landingzone-prod/prxbi_ps/wc_office_ps/,parquet,s3://rx-gbs-datalake-landingzone-prod/prxbi_ps/wc_office_ps/,parquet,,,batch,TRUE,FALSE,TRUE,TRUE,,TRUE,FALSE,,,FALSE,,,s3://rx-gbs-datalake-rawzone-prod/,globaldb_raw_prod,FALSE,,,FALSE,"integrationid,datasourcecode",s3://rx-gbs-datalake-refinedzone-prod/,globaldb_refined_prod
edw,opportunitysales_bridge,WC_OPP_SALES_STG_BRIDGE_PS,0,1,0,1,s3://rx-gbs-datalake-landingzone-prod/prxbi_ps/wc_opp_sales_stg_bridge_ps/,parquet,s3://rx-gbs-datalake-landingzone-prod/prxbi_ps/wc_opp_sales_stg_bridge_ps/,parquet,,,batch,TRUE,FALSE,TRUE,TRUE,,TRUE,FALSE,,,FALSE,,,s3://rx-gbs-datalake-rawzone-prod/,globaldb_raw_prod,FALSE,,,TRUE,"integrationid,datasourcenumid",s3://rx-gbs-datalake-refinedzone-prod/,globaldb_refined_prod
edw,opportunity_contactrole,WC_OPPORTUNITY_CONTACT_ROLE_PS,0,1,0,1,s3://rx-gbs-datalake-landingzone-prod/prxbi_ps/wc_opportunity_contact_role_ps/,parquet,s3://rx-gbs-datalake-landingzone-prod/prxbi_ps/wc_opportunity_contact_role_ps/,parquet,,,batch,TRUE,FALSE,TRUE,TRUE,,TRUE,FALSE,,,FALSE,,"shortdescription,addressline1,addressline2,addressline3,city,stateprovince,postcode,default_lang",s3://rx-gbs-datalake-rawzone-prod/,globaldb_raw_prod,TRUE,,,FALSE,"integrationid,datasourcecode",s3://rx-gbs-datalake-refinedzone-prod/,globaldb_refined_prod
edw,opportunityline,WC_OPPORTUNITY_LINE_PS,0,1,0,1,s3://rx-gbs-datalake-landingzone-prod/prxbi_ps/wc_opportunity_line_ps/,parquet,s3://rx-gbs-datalake-landingzone-prod/prxbi_ps/wc_opportunity_line_ps/,parquet,,,batch,TRUE,FALSE,TRUE,TRUE,,TRUE,FALSE,,,FALSE,,"shortdescription,addressline1,addressline2,addressline3,city,stateprovince,postcode,default_lang",s3://rx-gbs-datalake-rawzone-prod/,globaldb_raw_prod,TRUE,,,FALSE,"integrationid,datasourcecode",s3://rx-gbs-datalake-refinedzone-prod/,globaldb_refined_prod
edw,opportunitypipeline,WC_OPPORTUNITY_PIPELINE_STG_PS,0,1,0,1,s3://rx-gbs-datalake-landingzone-prod/prxbi_ps/wc_opportunity_pipeline_stg_ps/,parquet,s3://rx-gbs-datalake-landingzone-prod/prxbi_ps/wc_opportunity_pipeline_stg_ps/,parquet,,,batch,TRUE,FALSE,TRUE,TRUE,,TRUE,FALSE,,,FALSE,,,s3://rx-gbs-datalake-rawzone-prod/,globaldb_raw_prod,FALSE,,,FALSE,"integrationid,datasourcecode",s3://rx-gbs-datalake-refinedzone-prod/,globaldb_refined_prod
edw,opportunity,WC_OPPORTUNITY_PS,0,1,0,1,s3://rx-gbs-datalake-landingzone-prod/prxbi_ps/wc_opportunity_ps/,parquet,s3://rx-gbs-datalake-landingzone-prod/prxbi_ps/wc_opportunity_ps/,parquet,,,batch,TRUE,FALSE,TRUE,TRUE,,TRUE,FALSE,,,FALSE,,"shortdescription,addressline1,addressline2,addressline3,city,stateprovince,postcode,default_lang",s3://rx-gbs-datalake-rawzone-prod/,globaldb_raw_prod,TRUE,,,TRUE,"integrationid,datasourcecode",s3://rx-gbs-datalake-refinedzone-prod/,globaldb_refined_prod
edw,opportunityteam,WC_OPPORTUNITY_TEAM_PS,0,1,0,1,s3://rx-gbs-datalake-landingzone-prod/prxbi_ps/wc_opportunity_team_ps/,parquet,s3://rx-gbs-datalake-landingzone-prod/prxbi_ps/wc_opportunity_team_ps/,parquet,,,batch,TRUE,FALSE,TRUE,TRUE,,TRUE,FALSE,,,FALSE,,"shortdescription,addressline1,addressline2,addressline3,city,stateprovince,postcode,default_lang",s3://rx-gbs-datalake-rawzone-prod/,globaldb_raw_prod,TRUE,,,TRUE,"integrationid,datasourcecode",s3://rx-gbs-datalake-refinedzone-prod/,globaldb_refined_prod
edw,participatingorg,WC_PARTICIPANT_ORG_PS,0,1,0,3,s3://rx-gbs-datalake-landingzone-prod/prxbi_ps/wc_participant_org_ps/,parquet,s3://rx-gbs-datalake-landingzone-prod/prxbi_ps/wc_participant_org_ps/,parquet,,,batch,TRUE,TRUE,TRUE,TRUE,,TRUE,FALSE,,"obuname,eventalphacode,eventeditioncode",FALSE,,,s3://rx-gbs-datalake-rawzone-prod/,globaldb_raw_prod,FALSE,,,TRUE,"integrationid,datasourcecode",s3://rx-gbs-datalake-refinedzone-prod/,globaldb_refined_prod
edw,participatingorg_tl,WC_PARTICIPANT_ORG_PS_TL,0,1,0,3,s3://rx-gbs-datalake-landingzone-prod/prxbi_ps/wc_participant_org_ps_tl/,parquet,s3://rx-gbs-datalake-landingzone-prod/prxbi_ps/wc_participant_org_ps_tl/,parquet,,,batch,TRUE,FALSE,TRUE,TRUE,,TRUE,FALSE,,,FALSE,,"pco_add_line1,pco_add_line2,pco_add_line3,city,post_code,state_prov,description,website,email,phone_number,fax_number,mobile_number",s3://rx-gbs-datalake-rawzone-prod/,globaldb_raw_prod,FALSE,,,TRUE,"integrationid,datasourcecode,langcode",s3://rx-gbs-datalake-refinedzone-prod/,globaldb_refined_prod
edw,participatingorg_stand,WC_PARTICIPANT_ORG_STAND_PS,0,1,0,3,s3://rx-gbs-datalake-landingzone-prod/prxbi_ps/wc_participant_org_stand_ps/,parquet,s3://rx-gbs-datalake-landingzone-prod/prxbi_ps/wc_participant_org_stand_ps/,parquet,,,batch,TRUE,FALSE,TRUE,TRUE,,TRUE,FALSE,,,FALSE,,,s3://rx-gbs-datalake-rawzone-prod/,globaldb_raw_prod,FALSE,,,TRUE,"integrationid,datasourcecode",s3://rx-gbs-datalake-refinedzone-prod/,globaldb_refined_prod
edw,participatingorgtype,WC_PARTICIPANT_ORG_TYPE_PS,0,1,0,3,s3://rx-gbs-datalake-landingzone-prod/prxbi_ps/wc_participant_org_type_ps/,parquet,s3://rx-gbs-datalake-landingzone-prod/prxbi_ps/wc_participant_org_type_ps/,parquet,,,batch,TRUE,FALSE,TRUE,TRUE,,TRUE,FALSE,,,FALSE,,,s3://rx-gbs-datalake-rawzone-prod/,globaldb_raw_prod,FALSE,,,FALSE,"integrationid,datasourcecode",s3://rx-gbs-datalake-refinedzone-prod/,globaldb_refined_prod
edw,participatingperson,WC_PARTICIPANT_PERSON_PS,0,1,0,3,s3://rx-gbs-datalake-landingzone-prod/prxbi_ps/wc_participant_person_ps/,parquet,s3://rx-gbs-datalake-landingzone-prod/prxbi_ps/wc_participant_person_ps/,parquet,,,batch,TRUE,TRUE,TRUE,TRUE,,TRUE,FALSE,,"obuname,eventalphacode,eventeditioncode",FALSE,,,s3://rx-gbs-datalake-rawzone-prod/,globaldb_raw_prod,FALSE,,,TRUE,"integrationid,datasourcecode",s3://rx-gbs-datalake-refinedzone-prod/,globaldb_refined_prod
edw,participatingperson_tl,WC_PARTICIPANT_PERSON_PS_TL,0,1,0,3,s3://rx-gbs-datalake-landingzone-prod/prxbi_ps/wc_participant_person_ps_tl/,parquet,s3://rx-gbs-datalake-landingzone-prod/prxbi_ps/wc_participant_person_ps_tl/,parquet,,,batch,TRUE,FALSE,TRUE,TRUE,,TRUE,FALSE,,,FALSE,,"description,phone_num,mobile_num,fax_num,default_lang",s3://rx-gbs-datalake-rawzone-prod/,globaldb_raw_prod,FALSE,,,TRUE,"integrationid,datasourcecode,langcode",s3://rx-gbs-datalake-refinedzone-prod/,globaldb_refined_prod
edw,privacy_comm_channel,WC_PRIVACY_COMM_CHANNEL_PS,0,1,0,1,s3://rx-gbs-datalake-landingzone-prod/prxbi_ps/wc_privacy_comm_channel_ps/,parquet,s3://rx-gbs-datalake-landingzone-prod/prxbi_ps/wc_privacy_comm_channel_ps/,parquet,,,batch,TRUE,FALSE,TRUE,TRUE,,TRUE,FALSE,,,FALSE,,,s3://rx-gbs-datalake-rawzone-prod/,globaldb_raw_prod,FALSE,,,FALSE,"integrationid,datasourcecode",s3://rx-gbs-datalake-refinedzone-prod/,globaldb_refined_prod
edw,productpackage_bridge,WC_PRODUCT_PACKAGE_BRIDGE_PS,0,1,0,1,s3://rx-gbs-datalake-landingzone-prod/prxbi_ps/wc_product_package_bridge_ps/,parquet,s3://rx-gbs-datalake-landingzone-prod/prxbi_ps/wc_product_package_bridge_ps/,parquet,,,batch,TRUE,FALSE,TRUE,TRUE,,TRUE,FALSE,,,FALSE,,"shortdescription,addressline1,addressline2,addressline3,city,stateprovince,postcode,default_lang",s3://rx-gbs-datalake-rawzone-prod/,globaldb_raw_prod,TRUE,,,FALSE,"integrationid,datasourcecode",s3://rx-gbs-datalake-refinedzone-prod/,globaldb_refined_prod
edw,productpackage,WC_PRODUCT_PACKAGE_PS,0,1,0,1,s3://rx-gbs-datalake-landingzone-prod/prxbi_ps/wc_product_package_ps/,parquet,s3://rx-gbs-datalake-landingzone-prod/prxbi_ps/wc_product_package_ps/,parquet,,,batch,TRUE,FALSE,TRUE,TRUE,,TRUE,FALSE,,,FALSE,,"shortdescription,addressline1,addressline2,addressline3,city,stateprovince,postcode,default_lang",s3://rx-gbs-datalake-rawzone-prod/,globaldb_raw_prod,TRUE,,,FALSE,"integrationid,datasourcecode",s3://rx-gbs-datalake-refinedzone-prod/,globaldb_refined_prod
edw,productpackage_tl,WC_PRODUCT_PACKAGE_PS_TL,0,1,0,1,s3://rx-gbs-datalake-landingzone-prod/prxbi_ps/wc_product_package_ps_tl/,parquet,s3://rx-gbs-datalake-landingzone-prod/prxbi_ps/wc_product_package_ps_tl/,parquet,,,batch,TRUE,FALSE,TRUE,TRUE,,TRUE,FALSE,,,FALSE,,"shortdescription,addressline1,addressline2,addressline3,city,stateprovince,postcode,default_lang",s3://rx-gbs-datalake-rawzone-prod/,globaldb_raw_prod,TRUE,,,FALSE,"integrationid,datasourcecode,langcode",s3://rx-gbs-datalake-refinedzone-prod/,globaldb_refined_prod
edw,product,WC_PRODUCT_PS,0,1,0,1,s3://rx-gbs-datalake-landingzone-prod/prxbi_ps/wc_product_ps/,parquet,s3://rx-gbs-datalake-landingzone-prod/prxbi_ps/wc_product_ps/,parquet,,,batch,TRUE,FALSE,TRUE,TRUE,,TRUE,FALSE,,,FALSE,,"shortdescription,addressline1,addressline2,addressline3,city,stateprovince,postcode,default_lang",s3://rx-gbs-datalake-rawzone-prod/,globaldb_raw_prod,TRUE,,,FALSE,"integrationid,datasourcecode",s3://rx-gbs-datalake-refinedzone-prod/,globaldb_refined_prod
edw,product_tl,WC_PRODUCT_PS_TL,0,1,0,1,s3://rx-gbs-datalake-landingzone-prod/prxbi_ps/wc_product_ps_tl/,parquet,s3://rx-gbs-datalake-landingzone-prod/prxbi_ps/wc_product_ps_tl/,parquet,,,batch,TRUE,FALSE,TRUE,TRUE,,TRUE,FALSE,,,FALSE,,"shortdescription,addressline1,addressline2,addressline3,city,stateprovince,postcode,default_lang",s3://rx-gbs-datalake-rawzone-prod/,globaldb_raw_prod,TRUE,,,FALSE,"integrationid,datasourcecode,langcode",s3://rx-gbs-datalake-refinedzone-prod/,globaldb_refined_prod
edw,profile_answer,WC_PROFILE_ANSWER_PS,0,1,0,1,s3://rx-gbs-datalake-landingzone-prod/prxbi_ps/wc_profile_answer_ps/,parquet,s3://rx-gbs-datalake-landingzone-prod/prxbi_ps/wc_profile_answer_ps/,parquet,,,batch,TRUE,FALSE,TRUE,TRUE,,TRUE,FALSE,,,FALSE,,,s3://rx-gbs-datalake-rawzone-prod/,globaldb_raw_prod,FALSE,,,FALSE,"integrationid,datasourcecode",s3://rx-gbs-datalake-refinedzone-prod/,globaldb_refined_prod
edw,profile_answer_tl,WC_PROFILE_ANSWER_PS_TL,0,1,0,1,s3://rx-gbs-datalake-landingzone-prod/prxbi_ps/wc_profile_answer_ps_tl/,parquet,s3://rx-gbs-datalake-landingzone-prod/prxbi_ps/wc_profile_answer_ps_tl/,parquet,,,batch,TRUE,FALSE,TRUE,TRUE,,TRUE,FALSE,,,FALSE,,,s3://rx-gbs-datalake-rawzone-prod/,globaldb_raw_prod,FALSE,,,FALSE,"integrationid,datasourcecode,langcode",s3://rx-gbs-datalake-refinedzone-prod/,globaldb_refined_prod
edw,profile_master_question,WC_PROFILE_MSTR_QUESTION_PS,0,1,0,1,s3://rx-gbs-datalake-landingzone-prod/prxbi_ps/wc_profile_mstr_question_ps/,parquet,s3://rx-gbs-datalake-landingzone-prod/prxbi_ps/wc_profile_mstr_question_ps/,parquet,,,batch,TRUE,FALSE,TRUE,TRUE,,TRUE,FALSE,,,FALSE,,,s3://rx-gbs-datalake-rawzone-prod/,globaldb_raw_prod,FALSE,,,FALSE,"integrationid,datasourcecode",s3://rx-gbs-datalake-refinedzone-prod/,globaldb_refined_prod
edw,profile_masterquestion_tl,WC_PROFILE_MSTR_QUESTION_PS_TL,0,1,0,1,s3://rx-gbs-datalake-landingzone-prod/prxbi_ps/wc_profile_mstr_question_ps_tl/,parquet,s3://rx-gbs-datalake-landingzone-prod/prxbi_ps/wc_profile_mstr_question_ps_tl/,parquet,,,batch,TRUE,FALSE,TRUE,TRUE,,TRUE,FALSE,,,FALSE,,,s3://rx-gbs-datalake-rawzone-prod/,globaldb_raw_prod,FALSE,,,FALSE,"integrationid,datasourcecode,langcode",s3://rx-gbs-datalake-refinedzone-prod/,globaldb_refined_prod
edw,profile_participanttype,WC_PROFILE_PARTICIPANT_TYPE_PS,0,1,0,1,s3://rx-gbs-datalake-landingzone-prod/prxbi_ps/wc_profile_participant_type_ps/,parquet,s3://rx-gbs-datalake-landingzone-prod/prxbi_ps/wc_profile_participant_type_ps/,parquet,,,batch,TRUE,FALSE,TRUE,TRUE,,TRUE,FALSE,,,FALSE,,,s3://rx-gbs-datalake-rawzone-prod/,globaldb_raw_prod,FALSE,,,FALSE,"integrationid,datasourcecode",s3://rx-gbs-datalake-refinedzone-prod/,globaldb_refined_prod
edw,profile_question,WC_PROFILE_QUESTION_PS,0,1,0,1,s3://rx-gbs-datalake-landingzone-prod/prxbi_ps/wc_profile_question_ps/,parquet,s3://rx-gbs-datalake-landingzone-prod/prxbi_ps/wc_profile_question_ps/,parquet,,,batch,TRUE,FALSE,TRUE,TRUE,,TRUE,FALSE,,,FALSE,,,s3://rx-gbs-datalake-rawzone-prod/,globaldb_raw_prod,FALSE,,,FALSE,"integrationid,datasourcecode",s3://rx-gbs-datalake-refinedzone-prod/,globaldb_refined_prod
edw,profile_question_tl,WC_PROFILE_QUESTION_PS_TL,0,1,0,1,s3://rx-gbs-datalake-landingzone-prod/prxbi_ps/wc_profile_question_ps_tl/,parquet,s3://rx-gbs-datalake-landingzone-prod/prxbi_ps/wc_profile_question_ps_tl/,parquet,,,batch,TRUE,FALSE,TRUE,TRUE,,TRUE,FALSE,,,FALSE,,,s3://rx-gbs-datalake-rawzone-prod/,globaldb_raw_prod,FALSE,,,FALSE,"integrationid,datasourcecode,langcode",s3://rx-gbs-datalake-refinedzone-prod/,globaldb_refined_prod
edw,quoteline,WC_QUOTE_LINE_PS,0,1,0,1,s3://rx-gbs-datalake-landingzone-prod/prxbi_ps/wc_quote_line_ps/,parquet,s3://rx-gbs-datalake-landingzone-prod/prxbi_ps/wc_quote_line_ps/,parquet,,,batch,TRUE,FALSE,TRUE,TRUE,,TRUE,FALSE,,,FALSE,,"shortdescription,addressline1,addressline2,addressline3,city,stateprovince,postcode,default_lang",s3://rx-gbs-datalake-rawzone-prod/,globaldb_raw_prod,TRUE,,,TRUE,"integrationid,datasourcecode",s3://rx-gbs-datalake-refinedzone-prod/,globaldb_refined_prod
edw,quote,WC_QUOTE_PS,0,1,0,1,s3://rx-gbs-datalake-landingzone-prod/prxbi_ps/wc_quote_ps/,parquet,s3://rx-gbs-datalake-landingzone-prod/prxbi_ps/wc_quote_ps/,parquet,,,batch,TRUE,FALSE,TRUE,TRUE,,TRUE,FALSE,,,FALSE,,"shortdescription,addressline1,addressline2,addressline3,city,stateprovince,postcode,default_lang",s3://rx-gbs-datalake-rawzone-prod/,globaldb_raw_prod,TRUE,,,FALSE,"integrationid,datasourcecode",s3://rx-gbs-datalake-refinedzone-prod/,globaldb_refined_prod
edw,registration,WC_REGISTRATION_PS,0,1,0,3,s3://rx-gbs-datalake-landingzone-prod/prxbi_ps/wc_registration_ps/,parquet,s3://rx-gbs-datalake-landingzone-prod/prxbi_ps/wc_registration_ps/,parquet,,,batch,TRUE,TRUE,TRUE,TRUE,,TRUE,FALSE,,"obuname,eventalphacode,eventeditioncode",FALSE,,,s3://rx-gbs-datalake-rawzone-prod/,globaldb_raw_prod,FALSE,,,TRUE,"integrationid,datasourcecode",s3://rx-gbs-datalake-refinedzone-prod/,globaldb_refined_prod
edw,registrationstatus,WC_REGISTRATION_STATUS_PS,0,1,0,3,s3://rx-gbs-datalake-landingzone-prod/prxbi_ps/wc_registration_status_ps/,parquet,s3://rx-gbs-datalake-landingzone-prod/prxbi_ps/wc_registration_status_ps/,parquet,,,batch,TRUE,FALSE,TRUE,TRUE,,TRUE,FALSE,,,FALSE,,,s3://rx-gbs-datalake-rawzone-prod/,globaldb_raw_prod,FALSE,,,FALSE,"integrationid,datasourcecode",s3://rx-gbs-datalake-refinedzone-prod/,globaldb_refined_prod
edw,registrationtype,WC_REGISTRATION_TYPE_PS,0,1,0,3,s3://rx-gbs-datalake-landingzone-prod/prxbi_ps/wc_registration_type_ps/,parquet,s3://rx-gbs-datalake-landingzone-prod/prxbi_ps/wc_registration_type_ps/,parquet,,,batch,TRUE,FALSE,TRUE,TRUE,,TRUE,FALSE,,,FALSE,,,s3://rx-gbs-datalake-rawzone-prod/,globaldb_raw_prod,FALSE,,,FALSE,"integrationid,datasourcecode",s3://rx-gbs-datalake-refinedzone-prod/,globaldb_refined_prod
edw,salescampaign_member,WC_SALES_CAMPAIGN_MEMBER_PS,0,1,0,3,s3://rx-gbs-datalake-landingzone-prod/prxbi_ps/wc_sales_campaign_member_ps/,parquet,s3://rx-gbs-datalake-landingzone-prod/prxbi_ps/wc_sales_campaign_member_ps/,parquet,,,batch,TRUE,TRUE,TRUE,TRUE,,TRUE,FALSE,,"obuname,eventalphacode,eventeditioncode",FALSE,,,s3://rx-gbs-datalake-rawzone-prod/,globaldb_raw_prod,FALSE,,,FALSE,"integrationid,datasourcecode",s3://rx-gbs-datalake-refinedzone-prod/,globaldb_refined_prod
edw,salescampaign,WC_SALES_CAMPAIGN_PS,0,1,0,3,s3://rx-gbs-datalake-landingzone-prod/prxbi_ps/wc_sales_campaign_ps/,parquet,s3://rx-gbs-datalake-landingzone-prod/prxbi_ps/wc_sales_campaign_ps/,parquet,,,batch,TRUE,FALSE,TRUE,TRUE,,TRUE,FALSE,,,FALSE,,,s3://rx-gbs-datalake-rawzone-prod/,globaldb_raw_prod,FALSE,,,TRUE,"integrationid,datasourcecode",s3://rx-gbs-datalake-refinedzone-prod/,globaldb_refined_prod
edw,session,WC_SESSION_PS,0,1,0,1,s3://rx-gbs-datalake-landingzone-prod/prxbi_ps/wc_session_ps/,parquet,s3://rx-gbs-datalake-landingzone-prod/prxbi_ps/wc_session_ps/,parquet,,,batch,TRUE,FALSE,TRUE,TRUE,,TRUE,FALSE,,,FALSE,,,s3://rx-gbs-datalake-rawzone-prod/,globaldb_raw_prod,FALSE,,,FALSE,"integrationid,datasourcecode",s3://rx-gbs-datalake-refinedzone-prod/,globaldb_refined_prod
edw,subscription_members,WC_SUBCSRIPTION_MEMBER_PS,0,1,0,3,s3://rx-gbs-datalake-landingzone-prod/prxbi_ps/wc_subcsription_member_ps/,parquet,s3://rx-gbs-datalake-landingzone-prod/prxbi_ps/wc_subcsription_member_ps/,parquet,,,batch,TRUE,FALSE,TRUE,TRUE,,TRUE,FALSE,,,FALSE,,,s3://rx-gbs-datalake-rawzone-prod/,globaldb_raw_prod,FALSE,,,TRUE,"integrationid,datasourcecode",s3://rx-gbs-datalake-refinedzone-prod/,globaldb_refined_prod
edw,subscription,WC_SUBCSRIPTION_PS,0,1,0,3,s3://rx-gbs-datalake-landingzone-prod/prxbi_ps/wc_subcsription_ps/,parquet,s3://rx-gbs-datalake-landingzone-prod/prxbi_ps/wc_subcsription_ps/,parquet,,,batch,TRUE,TRUE,TRUE,TRUE,,TRUE,FALSE,,"obuname,eventalphacode",FALSE,,,s3://rx-gbs-datalake-rawzone-prod/,globaldb_raw_prod,FALSE,,,FALSE,"integrationid,datasourcecode",s3://rx-gbs-datalake-refinedzone-prod/,globaldb_refined_prod
edw,taxanomy,WC_TAXANOMY_PS,0,1,0,1,s3://rx-gbs-datalake-landingzone-prod/prxbi_ps/wc_taxanomy_ps/,parquet,s3://rx-gbs-datalake-landingzone-prod/prxbi_ps/wc_taxanomy_ps/,parquet,,,batch,TRUE,FALSE,TRUE,TRUE,,TRUE,FALSE,,,FALSE,,,s3://rx-gbs-datalake-rawzone-prod/,globaldb_raw_prod,FALSE,,,FALSE,"integrationid,datasourcecode",s3://rx-gbs-datalake-refinedzone-prod/,globaldb_refined_prod
edw,taxanomy_tl,WC_TAXANOMY_PS_TL,0,1,0,1,s3://rx-gbs-datalake-landingzone-prod/prxbi_ps/wc_taxanomy_ps_tl/,parquet,s3://rx-gbs-datalake-landingzone-prod/prxbi_ps/wc_taxanomy_ps_tl/,parquet,,,batch,TRUE,FALSE,TRUE,TRUE,,TRUE,FALSE,,,FALSE,,,s3://rx-gbs-datalake-rawzone-prod/,globaldb_raw_prod,FALSE,,,FALSE,"integrationid,datasourcecode,languagecode",s3://rx-gbs-datalake-refinedzone-prod/,globaldb_refined_prod
edw,unsubscribe_requests,WC_UNSUBSCRIBE_REQUEST_PS,0,1,0,3,s3://rx-gbs-datalake-landingzone-prod/prxbi_ps/wc_unsubscribe_request_ps/,parquet,s3://rx-gbs-datalake-landingzone-prod/prxbi_ps/wc_unsubscribe_request_ps/,parquet,,,batch,TRUE,TRUE,TRUE,TRUE,,TRUE,FALSE,,"obuname,eventalphacode,eventeditioncode",FALSE,,,s3://rx-gbs-datalake-rawzone-prod/,globaldb_raw_prod,FALSE,,,FALSE,"integrationid,datasourcecode",s3://rx-gbs-datalake-refinedzone-prod/,globaldb_refined_prod
edw,venue,WC_VENUE_PS,0,1,0,1,s3://rx-gbs-datalake-landingzone-prod/prxbi_ps/wc_venue_ps/,parquet,s3://rx-gbs-datalake-landingzone-prod/prxbi_ps/wc_venue_ps/,parquet,,,batch,TRUE,FALSE,TRUE,TRUE,,TRUE,FALSE,,,FALSE,,,s3://rx-gbs-datalake-rawzone-prod/,globaldb_raw_prod,FALSE,,,FALSE,"integrationid,datasourcecode",s3://rx-gbs-datalake-refinedzone-prod/,globaldb_refined_prod
edw,workorderlines,WC_WORK_ORDER_LINE_PS,0,1,0,3,s3://rx-gbs-datalake-landingzone-prod/prxbi_ps/wc_work_order_line_ps/,parquet,s3://rx-gbs-datalake-landingzone-prod/prxbi_ps/wc_work_order_line_ps/,parquet,,,batch,TRUE,TRUE,TRUE,TRUE,,TRUE,FALSE,,"obuname,eventalphacode,eventeditioncode",FALSE,,,s3://rx-gbs-datalake-rawzone-prod/,globaldb_raw_prod,FALSE,,,FALSE,"integrationid,datasourcenumid",s3://rx-gbs-datalake-refinedzone-prod/,globaldb_refined_prod
edw,workorder,WC_WORK_ORDER_PS,0,1,0,3,s3://rx-gbs-datalake-landingzone-prod/prxbi_ps/wc_work_order_ps/,parquet,s3://rx-gbs-datalake-landingzone-prod/prxbi_ps/wc_work_order_ps/,parquet,,,batch,TRUE,TRUE,TRUE,TRUE,,TRUE,FALSE,,"obuname,eventalphacode,eventeditioncode",FALSE,,,s3://rx-gbs-datalake-rawzone-prod/,globaldb_raw_prod,FALSE,,,FALSE,"integrationid,datasourcecode",s3://rx-gbs-datalake-refinedzone-prod/,globaldb_refined_prod
edw,participatingpersontype,WC_PARTICIPANT_PER_TYPE_PS,0,1,0,3,s3://rx-gbs-datalake-landingzone-prod/prxbi_ps/wc_participant_per_type_ps/,parquet,s3://rx-gbs-datalake-landingzone-prod/prxbi_ps/wc_participant_per_type_ps/,parquet,,,batch,TRUE,FALSE,TRUE,TRUE,,TRUE,FALSE,,,FALSE,,,s3://rx-gbs-datalake-rawzone-prod/,globaldb_raw_prod,FALSE,,,FALSE,"integrationid,datasourcecode",s3://rx-gbs-datalake-refinedzone-prod/,globaldb_refined_prod
edw,salesactivitytype,WC_ACTIVITY_TYPE_PS,0,1,0,3,s3://rx-gbs-datalake-landingzone-prod/prxbi_ps/wc_activity_type_ps/,parquet,s3://rx-gbs-datalake-landingzone-prod/prxbi_ps/wc_activity_type_ps/,parquet,,,batch,TRUE,FALSE,TRUE,TRUE,,TRUE,FALSE,,,FALSE,,,s3://rx-gbs-datalake-rawzone-prod/,globaldb_raw_prod,FALSE,,,FALSE,"integrationid,datasourcecode",s3://rx-gbs-datalake-refinedzone-prod/,globaldb_refined_prod
edw,profile_response,WC_PROFILE_RESPONSE_PS,0,1,0,3,s3://rx-gbs-datalake-landingzone-prod/prxbi_ps/wc_profile_response_ps/,parquet,s3://rx-gbs-datalake-landingzone-prod/prxbi_ps/wc_profile_response_ps/,parquet,,,batch,TRUE,FALSE,TRUE,TRUE,,TRUE,FALSE,,,FALSE,,,s3://rx-gbs-datalake-rawzone-prod/,globaldb_raw_prod,FALSE,,,FALSE,"integrationid,datasourcecode",s3://rx-gbs-datalake-refinedzone-prod/,globaldb_refined_prod
edw,profile_master,WC_PROFILE_MASTER_PS,0,1,0,3,s3://rx-gbs-datalake-landingzone-prod/prxbi_ps/wc_profile_master_ps/,parquet,s3://rx-gbs-datalake-landingzone-prod/prxbi_ps/wc_profile_master_ps/,parquet,,,batch,TRUE,TRUE,TRUE,TRUE,,TRUE,FALSE,,"obuname,eventalphacode",FALSE,,,s3://rx-gbs-datalake-rawzone-prod/,globaldb_raw_prod,FALSE,,,FALSE,"integrationid,datasourcecode",s3://rx-gbs-datalake-refinedzone-prod/,globaldb_refined_prod
edw,profile_response_registration,WC_PROFILE_RESPONSE_REG_PS,0,1,0,3,s3://rx-gbs-datalake-landingzone-prod/prxbi_ps/wc_profile_response_reg_ps/,parquet,s3://rx-gbs-datalake-landingzone-prod/prxbi_ps/wc_profile_response_reg_ps/,parquet,,,batch,TRUE,FALSE,TRUE,TRUE,,TRUE,FALSE,,,FALSE,,,s3://rx-gbs-datalake-rawzone-prod/,globaldb_raw_prod,FALSE,,,FALSE,"integrationid,datasourcecode",s3://rx-gbs-datalake-refinedzone-prod/,globaldb_refined_prod
edw,profile_response_contact,WC_PROFILE_RESPONSE_CONTACT_PS,0,1,0,3,s3://rx-gbs-datalake-landingzone-prod/prxbi_ps/wc_profile_response_contact_ps/,parquet,s3://rx-gbs-datalake-landingzone-prod/prxbi_ps/wc_profile_response_contact_ps/,parquet,,,batch,TRUE,FALSE,TRUE,TRUE,,TRUE,FALSE,,,FALSE,,,s3://rx-gbs-datalake-rawzone-prod/,globaldb_raw_prod,FALSE,,,FALSE,"integrationid,datasourcecode",s3://rx-gbs-datalake-refinedzone-prod/,globaldb_refined_prod
edw,profile_response_lead,WC_PROFILE_RESPONSE_LEAD_PS,0,1,0,3,s3://rx-gbs-datalake-landingzone-prod/prxbi_ps/wc_profile_response_lead_ps/,parquet,s3://rx-gbs-datalake-landingzone-prod/prxbi_ps/wc_profile_response_lead_ps/,parquet,,,batch,TRUE,FALSE,TRUE,TRUE,,TRUE,FALSE,,,FALSE,,,s3://rx-gbs-datalake-rawzone-prod/,globaldb_raw_prod,FALSE,,,FALSE,"integrationid,datasourcecode",s3://rx-gbs-datalake-refinedzone-prod/,globaldb_refined_prod
edw,profile_response_organization,WC_PROFILE_RESPONSE_ORG_PS,0,1,0,3,s3://rx-gbs-datalake-landingzone-prod/prxbi_ps/wc_profile_response_org_ps/,parquet,s3://rx-gbs-datalake-landingzone-prod/prxbi_ps/wc_profile_response_org_ps/,parquet,,,batch,TRUE,FALSE,TRUE,TRUE,,TRUE,FALSE,,,FALSE,,,s3://rx-gbs-datalake-rawzone-prod/,globaldb_raw_prod,FALSE,,,FALSE,"integrationid,datasourcecode",s3://rx-gbs-datalake-refinedzone-prod/,globaldb_refined_prod
edw,profile_response_person,WC_PROFILE_RESPONSE_PERSON_PS,0,1,0,3,s3://rx-gbs-datalake-landingzone-prod/prxbi_ps/wc_profile_response_person_ps/,parquet,s3://rx-gbs-datalake-landingzone-prod/prxbi_ps/wc_profile_response_person_ps/,parquet,,,batch,TRUE,FALSE,TRUE,TRUE,,TRUE,FALSE,,,FALSE,,,s3://rx-gbs-datalake-rawzone-prod/,globaldb_raw_prod,FALSE,,,FALSE,"integrationid,datasourcecode",s3://rx-gbs-datalake-refinedzone-prod/,globaldb_refined_prod
edw,profile_response_pco,WC_PROFILE_RESPONSE_PCO_PS,0,1,0,3,s3://rx-gbs-datalake-landingzone-prod/prxbi_ps/wc_profile_response_pco_ps/,parquet,s3://rx-gbs-datalake-landingzone-prod/prxbi_ps/wc_profile_response_pco_ps/,parquet,,,batch,TRUE,FALSE,TRUE,TRUE,,TRUE,FALSE,,,FALSE,,,s3://rx-gbs-datalake-rawzone-prod/,globaldb_raw_prod,FALSE,,,FALSE,"integrationid,datasourcecode",s3://rx-gbs-datalake-refinedzone-prod/,globaldb_refined_prod
edw,profile_response_pin,WC_PROFILE_RESPONSE_PIN_PS,0,1,0,3,s3://rx-gbs-datalake-landingzone-prod/prxbi_ps/wc_profile_response_pin_ps/,parquet,s3://rx-gbs-datalake-landingzone-prod/prxbi_ps/wc_profile_response_pin_ps/,parquet,,,batch,TRUE,FALSE,TRUE,TRUE,,TRUE,FALSE,,,FALSE,,,s3://rx-gbs-datalake-rawzone-prod/,globaldb_raw_prod,FALSE,,,FALSE,"integrationid,datasourcecode",s3://rx-gbs-datalake-refinedzone-prod/,globaldb_refined_prod
edw,xref_contact,SQ_XREF_CON,0,1,0,2,s3://rx-gbs-datalake-landingzone-prod/prxbi_obiee/sq_xref_con/,parquet,s3://rx-gbs-datalake-landingzone-prod/prxbi_obiee/sq_xref_con/,parquet,,,batch,TRUE,FALSE,TRUE,TRUE,,TRUE,FALSE,,,FALSE,,"shortdescription,addressline1,addressline2,addressline3,city,stateprovince,postcode,default_lang",s3://rx-gbs-datalake-rawzone-prod/,globaldb_raw_prod,TRUE,,,FALSE,common,s3://rx-gbs-datalake-refinedzone-prod/,globaldb_refined_prod
edw,uom_conversion,W_UOM_CONVERSION_G,0,1,0,2,s3://rx-gbs-datalake-landingzone-prod/prxbi_dw/w_uom_conversion_g/,parquet,s3://rx-gbs-datalake-landingzone-prod/prxbi_dw/w_uom_conversion_g/,parquet,,,batch,TRUE,FALSE,TRUE,TRUE,,TRUE,FALSE,,,FALSE,,,s3://rx-gbs-datalake-rawzone-prod/,globaldb_raw_prod,FALSE,,,FALSE,"integrationid,datasourcenumid",s3://rx-gbs-datalake-refinedzone-prod/,globaldb_refined_prod
edw,dw_sales_order_line,W_SALES_ORDER_LINE_F,0,0,0,2,s3://rx-gbs-datalake-landingzone-prod/prxbi_dw/w_sales_order_line_f/,parquet,s3://rx-gbs-datalake-landingzone-prod/prxbi_dw/w_sales_order_line_f/,parquet,,,batch,TRUE,FALSE,TRUE,TRUE,,TRUE,FALSE,,,FALSE,,,s3://rx-gbs-datalake-rawzone-prod/,globaldb_raw_prod,FALSE,,,FALSE,"integrationid,datasourcenumid",s3://rx-gbs-datalake-refinedzone-prod/,globaldb_refined_prod
edw,dw_event,WC_EVENT_D,0,0,0,2,s3://rx-gbs-datalake-landingzone-prod/prxbi_dw/wc_event_d/,parquet,s3://rx-gbs-datalake-landingzone-prod/prxbi_dw/wc_event_d/,parquet,,,batch,TRUE,FALSE,TRUE,TRUE,,TRUE,FALSE,,,FALSE,,,s3://rx-gbs-datalake-rawzone-prod/,globaldb_raw_prod,FALSE,,,FALSE,"integrationid,datasourcenumid",s3://rx-gbs-datalake-refinedzone-prod/,globaldb_refined_prod
edw,exchange_rate,WC_EXCHG_RATE_LKP_G,0,1,0,2,s3://rx-gbs-datalake-landingzone-prod/prxbi_dw/wc_exchg_rate_lkp_g/,parquet,s3://rx-gbs-datalake-landingzone-prod/prxbi_dw/wc_exchg_rate_lkp_g/,parquet,,,batch,TRUE,FALSE,TRUE,TRUE,,TRUE,FALSE,,,FALSE,,,s3://rx-gbs-datalake-rawzone-prod/,globaldb_raw_prod,FALSE,,,FALSE,"fromcurrency,tocurrency,conversiondate",s3://rx-gbs-datalake-refinedzone-prod/,globaldb_refined_prod
edw,dw_event_ed,WC_EVENT_ED_D,0,0,0,2,s3://rx-gbs-datalake-landingzone-prod/prxbi_dw/wc_event_ed_d/,parquet,s3://rx-gbs-datalake-landingzone-prod/prxbi_dw/wc_event_ed_d/,parquet,,,batch,TRUE,FALSE,TRUE,TRUE,,TRUE,FALSE,,,FALSE,,,s3://rx-gbs-datalake-rawzone-prod/,globaldb_raw_prod,FALSE,,,FALSE,"integrationid,datasourcenumid",s3://rx-gbs-datalake-refinedzone-prod/,globaldb_refined_prod
edw,dw_opty,WC_OPTY_D,0,0,0,2,s3://rx-gbs-datalake-landingzone-prod/prxbi_dw/wc_opty_d/,parquet,s3://rx-gbs-datalake-landingzone-prod/prxbi_dw/wc_opty_d/,parquet,,,batch,TRUE,FALSE,TRUE,TRUE,,TRUE,FALSE,,,FALSE,,,s3://rx-gbs-datalake-rawzone-prod/,globaldb_raw_prod,FALSE,,,FALSE,"integrationid,datasourcenumid",s3://rx-gbs-datalake-refinedzone-prod/,globaldb_refined_prod
edw,dw_obu,WC_OBU_D,0,0,0,2,s3://rx-gbs-datalake-landingzone-prod/prxbi_dw/wc_obu_d/,parquet,s3://rx-gbs-datalake-landingzone-prod/prxbi_dw/wc_obu_d/,parquet,,,batch,TRUE,FALSE,TRUE,TRUE,,TRUE,FALSE,,,FALSE,,,s3://rx-gbs-datalake-rawzone-prod/,globaldb_raw_prod,FALSE,,,FALSE,"integrationid,datasourcenumid",s3://rx-gbs-datalake-refinedzone-prod/,globaldb_refined_prod
edw,dw_organization,WC_ORG_D,0,0,0,2,s3://rx-gbs-datalake-landingzone-prod/prxbi_dw/wc_org_d/,parquet,s3://rx-gbs-datalake-landingzone-prod/prxbi_dw/wc_org_d/,parquet,,,batch,TRUE,FALSE,TRUE,TRUE,,TRUE,FALSE,,,FALSE,,,s3://rx-gbs-datalake-rawzone-prod/,globaldb_raw_prod,FALSE,,,FALSE,"integrationid,datasourcenumid",s3://rx-gbs-datalake-refinedzone-prod/,globaldb_refined_prod
edw,dw_product,WC_PRODUCT_D,0,0,0,2,s3://rx-gbs-datalake-landingzone-prod/prxbi_dw/wc_product_d/,parquet,s3://rx-gbs-datalake-landingzone-prod/prxbi_dw/wc_product_d/,parquet,,,batch,TRUE,FALSE,TRUE,TRUE,,TRUE,FALSE,,,FALSE,,,s3://rx-gbs-datalake-rawzone-prod/,globaldb_raw_prod,FALSE,,,FALSE,"integrationid,datasourcenumid",s3://rx-gbs-datalake-refinedzone-prod/,globaldb_refined_prod
edw,dw_person,WC_PERSON_D,0,0,0,2,s3://rx-gbs-datalake-landingzone-prod/prxbi_dw/wc_person_d/,parquet,s3://rx-gbs-datalake-landingzone-prod/prxbi_dw/wc_person_d/,parquet,,,batch,TRUE,FALSE,TRUE,TRUE,,TRUE,FALSE,,,FALSE,,,s3://rx-gbs-datalake-rawzone-prod/,globaldb_raw_prod,FALSE,,,FALSE,"integrationid,datasourcenumid",s3://rx-gbs-datalake-refinedzone-prod/,globaldb_refined_prod
edw,dw_participatingorgtype,WC_PART_ORG_TYPE_D,0,0,0,2,s3://rx-gbs-datalake-landingzone-prod/prxbi_dw/wc_part_org_type_d/,parquet,s3://rx-gbs-datalake-landingzone-prod/prxbi_dw/wc_part_org_type_d/,parquet,,,batch,TRUE,FALSE,TRUE,TRUE,,TRUE,FALSE,,,FALSE,,,s3://rx-gbs-datalake-rawzone-prod/,globaldb_raw_prod,FALSE,,,FALSE,"integrationid,datasourcenumid",s3://rx-gbs-datalake-refinedzone-prod/,globaldb_refined_prod
edw,dw_participation,WC_PARTICIPATION_F,0,0,0,2,s3://rx-gbs-datalake-landingzone-prod/prxbi_dw/wc_participation_f/,parquet,s3://rx-gbs-datalake-landingzone-prod/prxbi_dw/wc_participation_f/,parquet,,,batch,TRUE,FALSE,TRUE,TRUE,,TRUE,FALSE,,,FALSE,,,s3://rx-gbs-datalake-rawzone-prod/,globaldb_raw_prod,FALSE,,,FALSE,"integrationid,datasourcenumid",s3://rx-gbs-datalake-refinedzone-prod/,globaldb_refined_prod
edw,dw_productpackage,WC_PRODUCT_PKG_D,0,0,0,2,s3://rx-gbs-datalake-landingzone-prod/prxbi_dw/wc_product_pkg_d/,parquet,s3://rx-gbs-datalake-landingzone-prod/prxbi_dw/wc_product_pkg_d/,parquet,,,batch,TRUE,FALSE,TRUE,TRUE,,TRUE,FALSE,,,FALSE,,,s3://rx-gbs-datalake-rawzone-prod/,globaldb_raw_prod,FALSE,,,FALSE,"integrationid,datasourcenumid",s3://rx-gbs-datalake-refinedzone-prod/,globaldb_refined_prod
edw,dw_participatingorg,WC_PART_ORG_D,0,0,0,2,s3://rx-gbs-datalake-landingzone-prod/prxbi_dw/wc_part_org_d/,parquet,s3://rx-gbs-datalake-landingzone-prod/prxbi_dw/wc_part_org_d/,parquet,,,batch,TRUE,FALSE,TRUE,TRUE,,TRUE,FALSE,,,FALSE,,,s3://rx-gbs-datalake-rawzone-prod/,globaldb_raw_prod,FALSE,,,FALSE,"integrationid,datasourcenumid",s3://rx-gbs-datalake-refinedzone-prod/,globaldb_refined_prod
edw,dw_customerlocation,W_CUSTOMER_LOC_D,0,0,0,2,s3://rx-gbs-datalake-landingzone-prod/prxbi_dw/w_customer_loc_d/,parquet,s3://rx-gbs-datalake-landingzone-prod/prxbi_dw/w_customer_loc_d/,parquet,,,batch,TRUE,FALSE,TRUE,TRUE,,TRUE,FALSE,,,FALSE,,,s3://rx-gbs-datalake-rawzone-prod/,globaldb_raw_prod,FALSE,,,FALSE,"integrationid,datasourcenumid",s3://rx-gbs-datalake-refinedzone-prod/,globaldb_refined_prod
edw,dw_customer_account,W_CUSTOMER_ACCOUNT_D,0,0,0,2,s3://rx-gbs-datalake-landingzone-prod/prxbi_dw/w_customer_account_d/,parquet,s3://rx-gbs-datalake-landingzone-prod/prxbi_dw/w_customer_account_d/,parquet,,,batch,TRUE,FALSE,TRUE,TRUE,,TRUE,FALSE,,,FALSE,,,s3://rx-gbs-datalake-rawzone-prod/,globaldb_raw_prod,FALSE,,,FALSE,"integrationid,datasourcenumid",s3://rx-gbs-datalake-refinedzone-prod/,globaldb_refined_prod
edw,dw_isg_revn_category,WC_ISG_REVN_CATEGORY_D,0,0,0,2,s3://rx-gbs-datalake-landingzone-prod/prxbi_dw/wc_isg_revn_category_d/,parquet,s3://rx-gbs-datalake-landingzone-prod/prxbi_dw/wc_isg_revn_category_d/,parquet,,,batch,TRUE,FALSE,TRUE,TRUE,,TRUE,FALSE,,,FALSE,,,s3://rx-gbs-datalake-rawzone-prod/,globaldb_raw_prod,FALSE,,,FALSE,rowwid,s3://rx-gbs-datalake-refinedzone-prod/,globaldb_refined_prod
edw,dw_isg_revn_category_lkp,WC_ISG_REVN_CATEGORY_LKP,0,0,0,2,s3://rx-gbs-datalake-landingzone-prod/prxbi_dw/wc_isg_revn_category_lkp/,parquet,s3://rx-gbs-datalake-landingzone-prod/prxbi_dw/wc_isg_revn_category_lkp/,parquet,,,batch,TRUE,FALSE,TRUE,TRUE,,TRUE,FALSE,,,FALSE,,,s3://rx-gbs-datalake-rawzone-prod/,globaldb_raw_prod,FALSE,,,FALSE,"minorcategorynumber,majorcategorynumber",s3://rx-gbs-datalake-refinedzone-prod/,globaldb_refined_prod
edw,dw_address,WC_ADDR_D,0,0,0,2,s3://rx-gbs-datalake-landingzone-prod/prxbi_dw/wc_addr_d/,parquet,s3://rx-gbs-datalake-landingzone-prod/prxbi_dw/wc_addr_d/,parquet,,,batch,TRUE,FALSE,TRUE,TRUE,,TRUE,FALSE,,,FALSE,,,s3://rx-gbs-datalake-rawzone-prod/,globaldb_raw_prod,FALSE,,,FALSE,"integrationid,datasourcenumid",s3://rx-gbs-datalake-refinedzone-prod/,globaldb_refined_prod
edw,dw_stand,WC_STAND_D,0,0,0,2,s3://rx-gbs-datalake-landingzone-prod/prxbi_dw/wc_stand_d/,parquet,s3://rx-gbs-datalake-landingzone-prod/prxbi_dw/wc_stand_d/,parquet,,,batch,TRUE,FALSE,TRUE,TRUE,,TRUE,FALSE,,,FALSE,,,s3://rx-gbs-datalake-rawzone-prod/,globaldb_raw_prod,FALSE,,,FALSE,"integrationid,datasourcenumid",s3://rx-gbs-datalake-refinedzone-prod/,globaldb_refined_prod
edw,dw_quote,WC_QUOTE_D,0,0,0,2,s3://rx-gbs-datalake-landingzone-prod/prxbi_dw/wc_quote_d/,parquet,s3://rx-gbs-datalake-landingzone-prod/prxbi_dw/wc_quote_d/,parquet,,,batch,TRUE,FALSE,TRUE,TRUE,,TRUE,FALSE,,,FALSE,,,s3://rx-gbs-datalake-rawzone-prod/,globaldb_raw_prod,FALSE,,,FALSE,"integrationid,datasourcenumid",s3://rx-gbs-datalake-refinedzone-prod/,globaldb_refined_prod
edw,dw_status,W_STATUS_D,0,0,0,2,s3://rx-gbs-datalake-landingzone-prod/prxbi_dw/w_status_d/,parquet,s3://rx-gbs-datalake-landingzone-prod/prxbi_dw/w_status_d/,parquet,,,batch,TRUE,FALSE,TRUE,TRUE,,TRUE,FALSE,,,FALSE,,,s3://rx-gbs-datalake-rawzone-prod/,globaldb_raw_prod,FALSE,,,FALSE,"integrationid,datasourcenumid",s3://rx-gbs-datalake-refinedzone-prod/,globaldb_refined_prod
edw,dw_modifier_bridge,WC_MODIFIER_BRIDGE,0,0,0,2,s3://rx-gbs-datalake-landingzone-prod/prxbi_dw/wc_modifier_bridge/,parquet,s3://rx-gbs-datalake-landingzone-prod/prxbi_dw/wc_modifier_bridge/,parquet,,,batch,TRUE,FALSE,TRUE,TRUE,,TRUE,FALSE,,,FALSE,,,s3://rx-gbs-datalake-rawzone-prod/,globaldb_raw_prod,FALSE,,,FALSE,"integrationid,datasourcenumid",s3://rx-gbs-datalake-refinedzone-prod/,globaldb_refined_prod
edw,dw_modifiers,WC_MODIFIERS_D,0,0,0,2,s3://rx-gbs-datalake-landingzone-prod/prxbi_dw/wc_modifiers_d/,parquet,s3://rx-gbs-datalake-landingzone-prod/prxbi_dw/wc_modifiers_d/,parquet,,,batch,TRUE,FALSE,TRUE,TRUE,,TRUE,FALSE,,,FALSE,,,s3://rx-gbs-datalake-rawzone-prod/,globaldb_raw_prod,FALSE,,,FALSE,"integrationid,datasourcenumid",s3://rx-gbs-datalake-refinedzone-prod/,globaldb_refined_prod
edw,gbsusers,WC_USER_D,0,1,0,2,s3://rx-gbs-datalake-landingzone-prod/prxbi_dw/wc_user_d/,parquet,s3://rx-gbs-datalake-landingzone-prod/prxbi_dw/wc_user_d/,parquet,,,batch,TRUE,FALSE,TRUE,TRUE,,TRUE,FALSE,,,FALSE,,"shortdescription,addressline1,addressline2,addressline3,city,stateprovince,postcode,default_lang",s3://rx-gbs-datalake-rawzone-prod/,globaldb_raw_prod,TRUE,,,FALSE,"integrationid,datasourcenumid",s3://rx-gbs-datalake-refinedzone-prod/,globaldb_refined_prod
edw,xact_type,W_XACT_TYPE_D,0,1,0,2,s3://rx-gbs-datalake-landingzone-prod/prxbi_dw/w_xact_type_d/,parquet,s3://rx-gbs-datalake-landingzone-prod/prxbi_dw/w_xact_type_d/,parquet,,,batch,TRUE,FALSE,TRUE,TRUE,,TRUE,FALSE,,,FALSE,,,s3://rx-gbs-datalake-rawzone-prod/,globaldb_raw_prod,FALSE,,,FALSE,"integrationid,datasourcenumid",s3://rx-gbs-datalake-refinedzone-prod/,globaldb_refined_prod
edw,dw_currency,WC_CURRENCY_D,0,0,0,2,s3://rx-gbs-datalake-landingzone-prod/prxbi_dw/wc_currency_d/,parquet,s3://rx-gbs-datalake-landingzone-prod/prxbi_dw/wc_currency_d/,parquet,,,batch,TRUE,FALSE,TRUE,TRUE,,TRUE,FALSE,,,FALSE,,,s3://rx-gbs-datalake-rawzone-prod/,globaldb_raw_prod,FALSE,,,FALSE,"integrationid,datasourcenumid",s3://rx-gbs-datalake-refinedzone-prod/,globaldb_refined_prod
edw,dw_contact,WC_CONTACT_D,0,0,0,2,s3://rx-gbs-datalake-landingzone-prod/prxbi_dw/wc_contact_d/,parquet,s3://rx-gbs-datalake-landingzone-prod/prxbi_dw/wc_contact_d/,parquet,,,batch,TRUE,FALSE,TRUE,TRUE,,TRUE,FALSE,,,FALSE,,,s3://rx-gbs-datalake-rawzone-prod/,globaldb_raw_prod,FALSE,,,FALSE,"integrationid,datasourcenumid",s3://rx-gbs-datalake-refinedzone-prod/,globaldb_refined_prod
edw,employee,W_EMPLOYEE_D,0,1,0,2,s3://rx-gbs-datalake-landingzone-prod/prxbi_dw/w_employee_d/,parquet,s3://rx-gbs-datalake-landingzone-prod/prxbi_dw/w_employee_d/,parquet,,,batch,TRUE,TRUE,TRUE,TRUE,,TRUE,FALSE,,,FALSE,,,s3://rx-gbs-datalake-rawzone-prod/,globaldb_raw_prod,FALSE,,,FALSE,"integrationid,datasourcenumid",s3://rx-gbs-datalake-refinedzone-prod/,globaldb_refined_prod
edw,dw_user,W_USER_D,0,0,0,2,s3://rx-gbs-datalake-landingzone-prod/prxbi_dw/w_user_d/,parquet,s3://rx-gbs-datalake-landingzone-prod/prxbi_dw/w_user_d/,parquet,,,batch,TRUE,FALSE,TRUE,TRUE,,TRUE,FALSE,,,FALSE,,,s3://rx-gbs-datalake-rawzone-prod/,globaldb_raw_prod,FALSE,,,FALSE,"integrationid,datasourcenumid",s3://rx-gbs-datalake-refinedzone-prod/,globaldb_refined_prod
edw,ad_mem,wc_ad_mem_ps,0,0,0,2,s3://rx-gbs-datalake-landingzone-prod/prxbi_ps/wc_ad_mem_ps/,parquet,s3://rx-gbs-datalake-landingzone-prod/prxbi_ps/wc_ad_mem_ps/,parquet,,,batch,TRUE,FALSE,TRUE,TRUE,,TRUE,FALSE,,,FALSE,,,s3://rx-gbs-datalake-rawzone-prod/,globaldb_raw_prod,FALSE,,,FALSE,,s3://rx-gbs-datalake-refinedzone-prod/,globaldb_refined_prod
edw,ad_user,wc_aduser_ps,0,0,0,2,s3://rx-gbs-datalake-landingzone-prod/prxbi_ps/wc_aduser_ps/,parquet,s3://rx-gbs-datalake-landingzone-prod/prxbi_ps/wc_aduser_ps/,parquet,,,batch,TRUE,FALSE,TRUE,TRUE,,TRUE,FALSE,,,FALSE,,,s3://rx-gbs-datalake-rawzone-prod/,globaldb_raw_prod,FALSE,,,FALSE,,s3://rx-gbs-datalake-refinedzone-prod/,globaldb_refined_prod
edw,arche_type,wc_arche_type_ps,0,1,0,2,s3://rx-gbs-datalake-landingzone-prod/prxbi_ps/wc_arche_type_ps/,parquet,s3://rx-gbs-datalake-landingzone-prod/prxbi_ps/wc_arche_type_ps/,parquet,,,batch,TRUE,FALSE,TRUE,TRUE,,TRUE,FALSE,,,FALSE,,,s3://rx-gbs-datalake-rawzone-prod/,globaldb_raw_prod,FALSE,,,FALSE,"integrationid,datasourcecode",s3://rx-gbs-datalake-refinedzone-prod/,globaldb_refined_prod
edw,camp_memb_con,wc_camp_memb_con_ps,0,1,0,2,s3://rx-gbs-datalake-landingzone-prod/prxbi_ps/wc_camp_memb_con_ps/,parquet,s3://rx-gbs-datalake-landingzone-prod/prxbi_ps/wc_camp_memb_con_ps/,parquet,,,batch,TRUE,FALSE,TRUE,TRUE,,TRUE,FALSE,,,FALSE,,,s3://rx-gbs-datalake-rawzone-prod/,globaldb_raw_prod,FALSE,,,FALSE,"integrationid,datasourcecode",s3://rx-gbs-datalake-refinedzone-prod/,globaldb_refined_prod
edw,customer_account,wc_customer_account_ps,0,1,0,2,s3://rx-gbs-datalake-landingzone-prod/prxbi_ps/wc_customer_account_ps/,parquet,s3://rx-gbs-datalake-landingzone-prod/prxbi_ps/wc_customer_account_ps/,parquet,,,batch,TRUE,FALSE,TRUE,TRUE,,TRUE,FALSE,,,FALSE,,,s3://rx-gbs-datalake-rawzone-prod/,globaldb_raw_prod,FALSE,,,FALSE,"integrationid,datasourcecode",s3://rx-gbs-datalake-refinedzone-prod/,globaldb_refined_prod
edw,eai_values,wc_eai_values_ps,0,0,0,2,s3://rx-gbs-datalake-landingzone-prod/prxbi_ps/wc_eai_values_ps/,parquet,s3://rx-gbs-datalake-landingzone-prod/prxbi_ps/wc_eai_values_ps/,parquet,,,batch,TRUE,FALSE,TRUE,TRUE,,TRUE,FALSE,,,FALSE,,,s3://rx-gbs-datalake-rawzone-prod/,globaldb_raw_prod,FALSE,,,FALSE,"eacode,langcode,valueset",s3://rx-gbs-datalake-refinedzone-prod/,globaldb_refined_prod
edw,elq_contacts,wc_elq_contacts_ps,0,0,0,2,s3://rx-gbs-datalake-landingzone-prod/prxbi_ps/wc_elq_contacts_ps/,parquet,s3://rx-gbs-datalake-landingzone-prod/prxbi_ps/wc_elq_contacts_ps/,parquet,,,batch,TRUE,FALSE,TRUE,TRUE,,TRUE,FALSE,,,FALSE,,,s3://rx-gbs-datalake-rawzone-prod/,globaldb_raw_prod,FALSE,,,FALSE,,s3://rx-gbs-datalake-refinedzone-prod/,globaldb_refined_prod
edw,event_group,wc_event_group_ps,0,1,0,2,s3://rx-gbs-datalake-landingzone-prod/prxbi_ps/wc_event_group_ps/,parquet,s3://rx-gbs-datalake-landingzone-prod/prxbi_ps/wc_event_group_ps/,parquet,,,batch,TRUE,FALSE,TRUE,TRUE,,TRUE,FALSE,,,FALSE,,,s3://rx-gbs-datalake-rawzone-prod/,globaldb_raw_prod,FALSE,,,FALSE,"integrationid,datasourcecode",s3://rx-gbs-datalake-refinedzone-prod/,globaldb_refined_prod
edw,management_division,wc_management_division_ps,0,1,0,2,s3://rx-gbs-datalake-landingzone-prod/prxbi_ps/wc_management_division_ps/,parquet,s3://rx-gbs-datalake-landingzone-prod/prxbi_ps/wc_management_division_ps/,parquet,,,batch,TRUE,FALSE,TRUE,TRUE,,TRUE,FALSE,,,FALSE,,,s3://rx-gbs-datalake-rawzone-prod/,globaldb_raw_prod,FALSE,,,FALSE,"integrationid,datasourcecode",s3://rx-gbs-datalake-refinedzone-prod/,globaldb_refined_prod
edw,mktg_activity_type,wc_mktg_activity_type_ps,0,1,0,2,s3://rx-gbs-datalake-landingzone-prod/prxbi_ps/wc_mktg_activity_type_ps/,parquet,s3://rx-gbs-datalake-landingzone-prod/prxbi_ps/wc_mktg_activity_type_ps/,parquet,,,batch,TRUE,FALSE,TRUE,TRUE,,TRUE,FALSE,,,FALSE,,,s3://rx-gbs-datalake-rawzone-prod/,globaldb_raw_prod,FALSE,,,FALSE,"integrationid,datasourcecode",s3://rx-gbs-datalake-refinedzone-prod/,globaldb_refined_prod
edw,participant_org_event_ps,wc_participant_org_event_ps_tl,0,1,0,2,s3://rx-gbs-datalake-landingzone-prod/prxbi_ps/wc_participant_org_event_ps_tl/,parquet,s3://rx-gbs-datalake-landingzone-prod/prxbi_ps/wc_participant_org_event_ps_tl/,parquet,,,batch,TRUE,FALSE,TRUE,TRUE,,TRUE,FALSE,,,FALSE,,,s3://rx-gbs-datalake-rawzone-prod/,globaldb_raw_prod,FALSE,,,FALSE,"integrationid,datasourcecode",s3://rx-gbs-datalake-refinedzone-prod/,globaldb_refined_prod
edw,participant_org_event,wc_participant_org_event_ps,0,1,0,2,s3://rx-gbs-datalake-landingzone-prod/prxbi_ps/wc_participant_org_event_ps/,parquet,s3://rx-gbs-datalake-landingzone-prod/prxbi_ps/wc_participant_org_event_ps/,parquet,,,batch,TRUE,FALSE,TRUE,TRUE,,TRUE,FALSE,,,FALSE,,,s3://rx-gbs-datalake-rawzone-prod/,globaldb_raw_prod,FALSE,,,FALSE,"integrationid,datasourcecode",s3://rx-gbs-datalake-refinedzone-prod/,globaldb_refined_prod
edw,permission,wc_permission_ps,0,1,0,2,s3://rx-gbs-datalake-landingzone-prod/prxbi_ps/wc_permission_ps/,parquet,s3://rx-gbs-datalake-landingzone-prod/prxbi_ps/wc_permission_ps/,parquet,,,batch,TRUE,FALSE,TRUE,TRUE,,TRUE,FALSE,,,FALSE,,,s3://rx-gbs-datalake-rawzone-prod/,globaldb_raw_prod,FALSE,,,FALSE,"integrationid,datasourcecode",s3://rx-gbs-datalake-refinedzone-prod/,globaldb_refined_prod
edw,sales_order_header,wc_sales_order_header_ps,0,1,0,2,s3://rx-gbs-datalake-landingzone-prod/prxbi_ps/wc_sales_order_header_ps/,parquet,s3://rx-gbs-datalake-landingzone-prod/prxbi_ps/wc_sales_order_header_ps/,parquet,,,batch,TRUE,FALSE,TRUE,TRUE,,TRUE,FALSE,,,FALSE,,,s3://rx-gbs-datalake-rawzone-prod/,globaldb_raw_prod,FALSE,,,FALSE,"integrationid,datasourcecode",s3://rx-gbs-datalake-refinedzone-prod/,globaldb_refined_prod
edw,sales_order_line_item,wc_sales_order_line_item_ps,0,1,0,2,s3://rx-gbs-datalake-landingzone-prod/prxbi_ps/wc_sales_order_line_item_ps/,parquet,s3://rx-gbs-datalake-landingzone-prod/prxbi_ps/wc_sales_order_line_item_ps/,parquet,,,batch,TRUE,FALSE,TRUE,TRUE,,TRUE,FALSE,,,FALSE,,,s3://rx-gbs-datalake-rawzone-prod/,globaldb_raw_prod,FALSE,,,FALSE,"integrationid,datasourcecode",s3://rx-gbs-datalake-refinedzone-prod/,globaldb_refined_prod
edw,sales_order_type,wc_sales_order_type_ps,0,1,0,2,s3://rx-gbs-datalake-landingzone-prod/prxbi_ps/wc_sales_order_type_ps/,parquet,s3://rx-gbs-datalake-landingzone-prod/prxbi_ps/wc_sales_order_type_ps/,parquet,,,batch,TRUE,FALSE,TRUE,TRUE,,TRUE,FALSE,,,FALSE,,,s3://rx-gbs-datalake-rawzone-prod/,globaldb_raw_prod,FALSE,,,FALSE,"integrationid,datasourcecode",s3://rx-gbs-datalake-refinedzone-prod/,globaldb_refined_prod
edw,sales_target_attr,wc_sales_target_attr_ps,0,1,0,2,s3://rx-gbs-datalake-landingzone-prod/prxbi_ps/wc_sales_target_attr_ps/,parquet,s3://rx-gbs-datalake-landingzone-prod/prxbi_ps/wc_sales_target_attr_ps/,parquet,,,batch,TRUE,FALSE,TRUE,TRUE,,TRUE,FALSE,,,FALSE,,,s3://rx-gbs-datalake-rawzone-prod/,globaldb_raw_prod,FALSE,,,FALSE,"integrationid,datasourcecode",s3://rx-gbs-datalake-refinedzone-prod/,globaldb_refined_prod
edw,sales_target,wc_sales_target_ps,0,1,0,2,s3://rx-gbs-datalake-landingzone-prod/prxbi_ps/wc_sales_target_ps/,parquet,s3://rx-gbs-datalake-landingzone-prod/prxbi_ps/wc_sales_target_ps/,parquet,,,batch,TRUE,FALSE,TRUE,TRUE,,TRUE,FALSE,,,FALSE,,,s3://rx-gbs-datalake-rawzone-prod/,globaldb_raw_prod,FALSE,,,FALSE,"integrationid,datasourcecode",s3://rx-gbs-datalake-refinedzone-prod/,globaldb_refined_prod
edw,session_attendance,wc_session_attendance_ps,0,1,0,2,s3://rx-gbs-datalake-landingzone-prod/prxbi_ps/wc_session_attendance_ps/,parquet,s3://rx-gbs-datalake-landingzone-prod/prxbi_ps/wc_session_attendance_ps/,parquet,,,batch,TRUE,FALSE,TRUE,TRUE,,TRUE,FALSE,,,FALSE,,,s3://rx-gbs-datalake-rawzone-prod/,globaldb_raw_prod,FALSE,,,FALSE,"integrationid,datasourcecode",s3://rx-gbs-datalake-refinedzone-prod/,globaldb_refined_prod
edw,session_registration,wc_session_registration_ps,0,1,0,2,s3://rx-gbs-datalake-landingzone-prod/prxbi_ps/wc_session_registration_ps/,parquet,s3://rx-gbs-datalake-landingzone-prod/prxbi_ps/wc_session_registration_ps/,parquet,,,batch,TRUE,FALSE,TRUE,TRUE,,TRUE,FALSE,,,FALSE,,,s3://rx-gbs-datalake-rawzone-prod/,globaldb_raw_prod,FALSE,,,FALSE,"integrationid,datasourcecode",s3://rx-gbs-datalake-refinedzone-prod/,globaldb_refined_prod
edw,subcsription_member_con,wc_subcsription_member_con_ps,0,1,0,2,s3://rx-gbs-datalake-landingzone-prod/prxbi_ps/wc_subcsription_member_con_ps/,parquet,s3://rx-gbs-datalake-landingzone-prod/prxbi_ps/wc_subcsription_member_con_ps/,parquet,,,batch,TRUE,FALSE,TRUE,TRUE,,TRUE,FALSE,,,FALSE,,,s3://rx-gbs-datalake-rawzone-prod/,globaldb_raw_prod,FALSE,,,FALSE,"integrationid,datasourcecode",s3://rx-gbs-datalake-refinedzone-prod/,globaldb_refined_prod
edw,subcsription_member_lead,wc_subcsription_member_lead_ps,0,1,0,2,s3://rx-gbs-datalake-landingzone-prod/prxbi_ps/wc_subcsription_member_lead_ps/,parquet,s3://rx-gbs-datalake-landingzone-prod/prxbi_ps/wc_subcsription_member_lead_ps/,parquet,,,batch,TRUE,FALSE,TRUE,TRUE,,TRUE,FALSE,,,FALSE,,,s3://rx-gbs-datalake-rawzone-prod/,globaldb_raw_prod,FALSE,,,FALSE,"integrationid,datasourcecode",s3://rx-gbs-datalake-refinedzone-prod/,globaldb_refined_prod
edw,subcsription_member_per,wc_subcsription_member_per_ps,0,1,0,2,s3://rx-gbs-datalake-landingzone-prod/prxbi_ps/wc_subcsription_member_per_ps/,parquet,s3://rx-gbs-datalake-landingzone-prod/prxbi_ps/wc_subcsription_member_per_ps/,parquet,,,batch,TRUE,FALSE,TRUE,TRUE,,TRUE,FALSE,,,FALSE,,,s3://rx-gbs-datalake-rawzone-prod/,globaldb_raw_prod,FALSE,,,FALSE,"integrationid,datasourcecode",s3://rx-gbs-datalake-refinedzone-prod/,globaldb_refined_prod
edw,symposium_session_ps,wc_symposium_session_ps_tl,0,1,0,2,s3://rx-gbs-datalake-landingzone-prod/prxbi_ps/wc_symposium_session_ps_tl/,parquet,s3://rx-gbs-datalake-landingzone-prod/prxbi_ps/wc_symposium_session_ps_tl/,parquet,,,batch,TRUE,FALSE,TRUE,TRUE,,TRUE,FALSE,,,FALSE,,,s3://rx-gbs-datalake-rawzone-prod/,globaldb_raw_prod,FALSE,,,FALSE,"integrationid,datasourcecode",s3://rx-gbs-datalake-refinedzone-prod/,globaldb_refined_prod
edw,symposium_session,wc_symposium_session_ps,0,1,0,2,s3://rx-gbs-datalake-landingzone-prod/prxbi_ps/wc_symposium_session_ps/,parquet,s3://rx-gbs-datalake-landingzone-prod/prxbi_ps/wc_symposium_session_ps/,parquet,,,batch,TRUE,FALSE,TRUE,TRUE,,TRUE,FALSE,,,FALSE,,,s3://rx-gbs-datalake-rawzone-prod/,globaldb_raw_prod,FALSE,,,FALSE,"integrationid,datasourcecode",s3://rx-gbs-datalake-refinedzone-prod/,globaldb_refined_prod
edw,syn_budget,wc_syn_budget_ps,0,1,0,2,s3://rx-gbs-datalake-landingzone-prod/prxbi_ps/wc_syn_budget_ps/,parquet,s3://rx-gbs-datalake-landingzone-prod/prxbi_ps/wc_syn_budget_ps/,parquet,,,batch,TRUE,FALSE,TRUE,TRUE,,TRUE,FALSE,,,FALSE,,,s3://rx-gbs-datalake-rawzone-prod/,globaldb_raw_prod,FALSE,,,FALSE,"integrationid,datasourcecode",s3://rx-gbs-datalake-refinedzone-prod/,globaldb_refined_prod
edw,syn_sales_hist,wc_syn_sales_hist_ps,0,1,0,2,s3://rx-gbs-datalake-landingzone-prod/prxbi_ps/wc_syn_sales_hist_ps/,parquet,s3://rx-gbs-datalake-landingzone-prod/prxbi_ps/wc_syn_sales_hist_ps/,parquet,,,batch,TRUE,FALSE,TRUE,TRUE,,TRUE,FALSE,,,FALSE,,,s3://rx-gbs-datalake-rawzone-prod/,globaldb_raw_prod,FALSE,,,FALSE,"wkdatestr,key,currcode",s3://rx-gbs-datalake-refinedzone-prod/,globaldb_refined_prod
edw,synapse_nps,wc_synapse_nps_ps,0,1,0,2,s3://rx-gbs-datalake-landingzone-prod/prxbi_ps/wc_synapse_nps_ps/,parquet,s3://rx-gbs-datalake-landingzone-prod/prxbi_ps/wc_synapse_nps_ps/,parquet,,,batch,TRUE,FALSE,TRUE,TRUE,,TRUE,FALSE,,,FALSE,,,s3://rx-gbs-datalake-rawzone-prod/,globaldb_raw_prod,FALSE,,,FALSE,"integrationid,datasourcecode",s3://rx-gbs-datalake-refinedzone-prod/,globaldb_refined_prod
edw,visitor,wc_visitor_ps,0,1,0,2,s3://rx-gbs-datalake-landingzone-prod/prxbi_ps/wc_visitor_ps/,parquet,s3://rx-gbs-datalake-landingzone-prod/prxbi_ps/wc_visitor_ps/,parquet,,,batch,TRUE,FALSE,TRUE,TRUE,,TRUE,FALSE,,,FALSE,,,s3://rx-gbs-datalake-rawzone-prod/,globaldb_raw_prod,FALSE,,,FALSE,"integrationid,datasourcecode",s3://rx-gbs-datalake-refinedzone-prod/,globaldb_refined_prod
edw,mv_salesorder_line,mv_salesorder_line,0,0,0,2,,,,,,,,TRUE,,TRUE,TRUE,,,,,,FALSE,,,,globaldb_raw_prod,FALSE,,,TRUE,rowwid,s3://rx-gbs-datalake-refinedzone-prod/,globaldb_refined_prod
edw,mv_profile_response,mv_profile_response,0,0,1,3,,,,,,,,TRUE,,TRUE,TRUE,,,,,,FALSE,,,,globaldb_raw_prod,FALSE,,,TRUE,rowwid,s3://rx-gbs-datalake-refinedzone-prod/,globaldb_refined_prod
edw,product_gcoa_mapping,WC_PRODUCT_GCOA_MAPPING,0,1,0,2,s3://rx-gbs-datalake-landingzone-prod/prxbi_dw/wc_product_gcoa_mapping/,parquet,s3://rx-gbs-datalake-landingzone-prod/prxbi_dw/wc_product_gcoa_mapping/,parquet,,,batch,TRUE,FALSE,TRUE,TRUE,,TRUE,FALSE,,,FALSE,,,s3://rx-gbs-datalake-rawzone-prod/,globaldb_raw_prod,FALSE,,,FALSE,"minorcategorynumber,globalcategory",s3://rx-gbs-datalake-refinedzone-prod/,globaldb_refined_prod
edw,dw_event_tl,wc_event_d_tl,0,0,0,2,s3://rx-gbs-datalake-landingzone-prod/prxbi_dw/wc_event_d_tl/,parquet,s3://rx-gbs-datalake-landingzone-prod/prxbi_dw/wc_event_d_tl/,parquet,,,batch,TRUE,FALSE,TRUE,TRUE,,TRUE,FALSE,,,FALSE,,,s3://rx-gbs-datalake-rawzone-prod/,globaldb_raw_prod,FALSE,,,FALSE,"integrationid,datasourcecode,languagecode",s3://rx-gbs-datalake-refinedzone-prod/,globaldb_refined_prod
edw,sales_orders_temp,WC_SALES_ORDER_TEMP_DL,0,1,0,2,s3://rx-gbs-datalake-landingzone-prod/prxbi_dw/wc_sales_order_temp_dl/,parquet,s3://rx-gbs-datalake-landingzone-prod/prxbi_dw/wc_sales_order_temp_dl/,parquet,,,batch,TRUE,FALSE,TRUE,TRUE,,TRUE,FALSE,,,FALSE,,,s3://rx-gbs-datalake-rawzone-prod/,globaldb_raw_prod,FALSE,,,FALSE,integrationid,s3://rx-gbs-datalake-refinedzone-prod/,globaldb_refined_prod
edw,sales_target_record_type,WC_ISG_SALES_TGT_REC_TYPE_D,0,1,0,2,s3://rx-gbs-datalake-landingzone-prod/prxbi_dw/wc_isg_sales_tgt_rec_type_d/,parquet,s3://rx-gbs-datalake-landingzone-prod/prxbi_dw/wc_isg_sales_tgt_rec_type_d/,parquet,,,batch,TRUE,FALSE,TRUE,TRUE,,TRUE,FALSE,,,FALSE,,,s3://rx-gbs-datalake-rawzone-prod/,globaldb_raw_prod,FALSE,,,FALSE,recordtype,s3://rx-gbs-datalake-refinedzone-prod/,globaldb_refined_prod
oracle,rx_obiee,RXOBIEE,0,1,0,2,s3://rx-gbs-datalake-landingzone-prod/xxrx_prxeas_oim/rxobiee/,parquet,s3://rx-gbs-datalake-landingzone-prod/xxrx_prxeas_oim/rxobiee/,parquet,,,batch,TRUE,FALSE,TRUE,TRUE,,TRUE,FALSE,,,FALSE,,,s3://rx-gbs-datalake-rawzone-prod/,globaldb_raw_prod,FALSE,,,FALSE,,s3://rx-gbs-datalake-refinedzone-prod/,globaldb_refined_prod
edw,invoice_paid,WC_INVOICE_PAID_DL,0,1,0,2,,,s3://rx-gbs-datalake-landingzone-prod/prxbi_dw/wc_invoice_paid_dl/,parquet,,,batch,TRUE,FALSE,TRUE,TRUE,,TRUE,FALSE,,,FALSE,,,s3://rx-gbs-datalake-rawzone-prod/,globaldb_raw_prod,FALSE,,,FALSE,,s3://rx-gbs-datalake-refinedzone-prod/,globaldb_refined_prod
